curve_id,branch_id,event_id,event_order,event_type,time_x,influence_y,slope_after,plateau_state,branch_parent_event_id,related_property_ids,related_stimulus_ids,annotation,coordinate_basis,confidence,enabled,user_notes
CRV-01,main,CRV01-E01,1,origin,15,0,rapid rise,no,,ENT-010,ENT-005,Relationship becomes materially available after liquid-state transition.,Approx. traced from cleaned curve reference,medium,yes,
CRV-01,main,CRV01-E02,2,rise,22,52,positive,no,,ENT-010,ENT-005,Direct response rapidly increases.,Approx. traced from cleaned curve reference,medium,yes,
CRV-01,main,CRV01-E03,3,peak,29,78,negative,no,,ENT-010,ENT-005,Early strong relationship reaches maximum influence.,Approx. traced from cleaned curve reference,medium,yes,
CRV-01,main,CRV01-E04,4,decline,40,36,negative,no,,ENT-010,ENT-005;ENT-006,Relationship diminishes as other influences compete.,Approx. traced from cleaned curve reference,medium,yes,
CRV-01,main,CRV01-E05,5,zero / inactive,52,0,flat,no,,ENT-010,ENT-006,Early direct relationship no longer meaningfully influences the response.,Approx. traced from cleaned curve reference,medium,yes,
CRV-02,main,CRV02-E01,1,origin,14,0,rapid rise,no,,ENT-010;ENT-011,ENT-005,Strong coupled relationship begins.,Approx. traced from cleaned curve reference,medium,yes,
CRV-02,main,CRV02-E02,2,peak,28,70,negative,no,,ENT-010;ENT-011,ENT-005,Strong coupled relationship reaches early peak.,Approx. traced from cleaned curve reference,medium,yes,
CRV-02,main,CRV02-E03,3,decline,40,32,negative,no,,ENT-010;ENT-011,ENT-005;ENT-006,Coupling rapidly diminishes.,Approx. traced from cleaned curve reference,medium,yes,
CRV-02,main,CRV02-E04,4,zero / decoupled,52,0,flat,no,,ENT-010;ENT-011,ENT-006,Initial coupling is effectively absent.,Approx. traced from cleaned curve reference,medium,yes,
CRV-02,main,CRV02-E05,5,re-emergence,66,0,positive,no,,ENT-010,ENT-009,A relationship re-emerges through accumulated prior interaction rather than the original direct coupling.,Approx. traced from cleaned curve reference,medium,yes,
CRV-02,main,CRV02-E06,6,plateau-start,74,15,flat,yes,,ENT-010,ENT-009;ENT-007,Re-emergent relationship settles at a lower influence level.,Approx. traced from cleaned curve reference,medium,yes,
CRV-02,main,CRV02-E07,7,captured / persistent,100,15,flat,yes,,ENT-010,ENT-008,Lower-level relationship remains captured/persistent.,Approx. traced from cleaned curve reference,medium,yes,
CRV-03,main,CRV03-E01,1,origin,16,0,rapid rise,no,,ENT-011;ENT-012,ENT-005,Secondary coupled response begins.,Approx. traced from cleaned curve reference,medium,yes,
CRV-03,main,CRV03-E02,2,peak,29,66,negative,no,,ENT-011;ENT-012,ENT-005,Secondary relationship reaches early peak.,Approx. traced from cleaned curve reference,medium,yes,
CRV-03,main,CRV03-E03,3,decline,40,30,negative,no,,ENT-011;ENT-012,ENT-005;ENT-006,Secondary coupling diminishes.,Approx. traced from cleaned curve reference,medium,yes,
CRV-03,main,CRV03-E04,4,zero / inactive,51,0,flat,no,,ENT-011;ENT-012,ENT-006,Relationship disappears rather than re-emerging.,Approx. traced from cleaned curve reference,medium,yes,
CRV-04,main,CRV04-E01,1,origin,16,0,rapid rise,no,,ENT-012;ENT-013,ENT-005,Persistent secondary relationship begins.,Approx. traced from cleaned curve reference,medium,yes,
CRV-04,main,CRV04-E02,2,peak,29,69,negative,no,,ENT-012;ENT-013,ENT-005,Secondary relationship peaks.,Approx. traced from cleaned curve reference,medium,yes,
CRV-04,main,CRV04-E03,3,decline,44,50,negative,no,,ENT-012;ENT-013,ENT-005;ENT-006,Relationship diminishes more slowly than CRV-02/03.,Approx. traced from cleaned curve reference,medium,yes,
CRV-04,main,CRV04-E04,4,bifurcation,73,36,branch,no,,ENT-012;ENT-013,ENT-006;ENT-009,The relationship divides into two different later outcomes.,Approx. traced from cleaned curve reference,medium,yes,Render both branches from this exact shared coordinate.
CRV-04,A,CRV04-E05A,5,branch plateau-start,80,34,flat,yes,CRV04-E04,ENT-013,ENT-009;ENT-007,One branch persists around a middle influence level.,Approx. traced from cleaned curve reference,medium,yes,
CRV-04,A,CRV04-E06A,6,captured / persistent,100,34,flat,yes,CRV04-E04,ENT-013,ENT-008,Persistent branch remains through the final state.,Approx. traced from cleaned curve reference,medium,yes,
CRV-04,B,CRV04-E05B,5,branch decline,84,24,negative,no,CRV04-E04,ENT-012,ENT-006;ENT-007,Second branch diminishes under later conditions.,Approx. traced from cleaned curve reference,medium,yes,
CRV-04,B,CRV04-E06B,6,zero / disconnected,97,0,flat,no,CRV04-E04,ENT-012,ENT-008,Second branch becomes disconnected.,Approx. traced from cleaned curve reference,medium,yes,
CRV-05,main,CRV05-E01,1,emergence,38,42,negative,no,,ENT-014;ENT-015;ENT-018;ENT-019,ENT-005;ENT-009,Indirect/delayed relationship becomes visible while early relations decline.,Approx. traced from cleaned curve reference,medium,yes,
CRV-05,main,CRV05-E02,2,decline,53,23,negative,no,,ENT-014;ENT-015;ENT-018;ENT-019,ENT-009,Relationship gradually loses influence.,Approx. traced from cleaned curve reference,medium,yes,
CRV-05,main,CRV05-E03,3,plateau-start,70,16,flat,yes,,ENT-014;ENT-015;ENT-018;ENT-019,ENT-009;ENT-007,Low influence persists.,Approx. traced from cleaned curve reference,medium,yes,
CRV-05,main,CRV05-E04,4,residual / persistent,100,16,flat,yes,,ENT-014;ENT-015;ENT-018;ENT-019,ENT-008,Low residual relationship persists in solid state.,Approx. traced from cleaned curve reference,medium,yes,
CRV-06,main,CRV06-E01,1,origin,55,0,rapid rise,no,,ENT-016,ENT-009,Late relationship begins after accumulated prior interactions.,Approx. traced from cleaned curve reference,medium,yes,
CRV-06,main,CRV06-E02,2,rapid emergence,64,45,positive,no,,ENT-016,ENT-009,Relationship rapidly becomes influential.,Approx. traced from cleaned curve reference,medium,yes,
CRV-06,main,CRV06-E03,3,plateau-start / predominant,70,95,flat,yes,,ENT-016,ENT-009;ENT-007,Late relationship becomes predominant.,Approx. traced from cleaned curve reference,medium,yes,
CRV-06,main,CRV06-E04,4,captured,100,95,flat,yes,,ENT-016,ENT-008,Relationship remains strongly captured.,Approx. traced from cleaned curve reference,medium,yes,
CRV-07,main,CRV07-E01,1,origin,56,0,rapid rise,no,,ENT-012;ENT-018,ENT-009,Late relationship begins.,Approx. traced from cleaned curve reference,medium,yes,
CRV-07,main,CRV07-E02,2,peak,70,92,negative,no,,ENT-012;ENT-018,ENT-009;ENT-007,Relationship reaches high influence.,Approx. traced from cleaned curve reference,medium,yes,
CRV-07,main,CRV07-E03,3,diminishing,86,72,negative,no,,ENT-012;ENT-018,ENT-007;ENT-008,Relationship diminishes but remains present.,Approx. traced from cleaned curve reference,medium,yes,
CRV-07,main,CRV07-E04,4,persistent,100,62,flat,yes,,ENT-012;ENT-018,ENT-008,Relationship remains present at a reduced influence.,Approx. traced from cleaned curve reference,medium,yes,
CRV-08,main,CRV08-E01,1,emergence / high plateau,71,95,negative,no,,ENT-015;ENT-016;ENT-019,ENT-007,High late relationship becomes visible.,Approx. traced from cleaned curve reference,medium,yes,
CRV-08,main,CRV08-E02,2,diminishing,86,86,negative,no,,ENT-015;ENT-016;ENT-019,ENT-007;ENT-008,Relationship gradually diminishes.,Approx. traced from cleaned curve reference,medium,yes,
CRV-08,main,CRV08-E03,3,persistent / captured,100,82,flat,yes,,ENT-015;ENT-016;ENT-019,ENT-008,Still-high relationship persists in final state.,Approx. traced from cleaned curve reference,medium,yes,
CRV-09,main,CRV09-E01,1,origin,78,0,positive,no,,ENT-010;ENT-012;ENT-013;ENT-018,ENT-009;ENT-007,Late re-emerging relationship begins from near zero.,Approx. traced from cleaned curve reference,medium,yes,
CRV-09,main,CRV09-E02,2,rapid emergence,86,45,positive,no,,ENT-010;ENT-012;ENT-013;ENT-018,ENT-009;ENT-007,Relationship rises rapidly.,Approx. traced from cleaned curve reference,medium,yes,
CRV-09,main,CRV09-E03,3,plateau-start,95,82,flat,yes,,ENT-010;ENT-012;ENT-013;ENT-018,ENT-008,Late relationship approaches a captured plateau.,Approx. traced from cleaned curve reference,medium,yes,
CRV-09,main,CRV09-E04,4,captured / persistent,100,82,flat,yes,,ENT-010;ENT-012;ENT-013;ENT-018,ENT-008,Relationship persists into final state.,Approx. traced from cleaned curve reference,medium,yes,
