state_id,scenario_id,relationship_id,phase_id,start_time,end_time,relationship_state,coupling_status,hierarchy_level,hierarchy_rank,is_predominant,active_stimuli_ids,state_condition,delay,memory_source_ids,legacy_strength,cascade_parent_id,leak_target_id,annotation,evidence_basis,confidence,enabled,user_notes,relationship_curve_ids_v2,curve_mapping_confidence
RS-001,closed_reference_figure12,REL-002,PH-01,0,25,inactive,available but dormant,Direct,1,no,ENT-003,Material not yet fully responsive,none,,none,,,The intended direct relationship exists in the model but is not materially expressed.,diagram-derived,high,yes,,CRV-01;CRV-02,medium
RS-002,closed_reference_figure12,REL-002,PH-03,25,45,active,directly coupled,Direct,1,yes,ENT-005,Liquid state and local magnetic stimulus,short,,low,,,Magnet proximity directly informs local volume and initially occupies the top property hierarchy.,diagram-derived,high,yes,,CRV-01;CRV-02,medium
RS-003,closed_reference_figure12,REL-002,PH-04,45,58,diminished,weakening,Secondary,2,no,ENT-005;ENT-006,Gravity and particle movement alter the response,medium,RS-002,medium,,,The initially direct relationship weakens and loses hierarchical priority.,diagram-derived,high,yes,,CRV-01;CRV-02,medium
RS-004,closed_reference_figure12,REL-002,PH-05,58,100,disconnected,decoupled,Tertiary,3,no,ENT-006;ENT-009,Volume no longer reliably corresponds to magnet proximity,long,RS-002,high,,,The predefined direct association becomes unreliable; later volume traces embody prior interactions rather than current parameter values.,paper-derived,high,yes,,CRV-01;CRV-02,medium
RS-005,closed_reference_figure12,REL-003,PH-03,25,45,active,directly coupled,Secondary,2,no,ENT-005,Volume increase expected to increase rigidity,short,REL-002,low,REL-002,,Rigidity is initially a secondary property coupled to the direct volume response.,paper-derived,high,yes,,CRV-02;CRV-03,medium
RS-006,closed_reference_figure12,REL-003,PH-04,45,58,diminished,weakening,Tertiary,3,no,ENT-006,Material relaxation and particle movement,medium,RS-005,medium,,,The volume–rigidity coupling diminishes through time.,paper-derived,high,yes,,CRV-02;CRV-03,medium
RS-007,closed_reference_figure12,REL-003,PH-05,58,100,disconnected,decoupled,Tertiary,3,no,ENT-006;ENT-009,Re-emergent volume is not accompanied by increased rigidity,long,RS-005,high,,,"Volume later re-emerges without the intended coupled rigidity, making the predefined association irrelevant.",paper-derived,high,yes,,CRV-02;CRV-03,medium
RS-008,closed_reference_figure12,REL-004,PH-03,25,45,active,indirectly coupled,Secondary,2,no,ENT-005,Texture appears alongside volume,short,REL-002,low,REL-002,,Large texture is an unintended secondary response coupled to volume.,paper-derived,high,yes,,CRV-03;CRV-04,medium
RS-009,closed_reference_figure12,REL-004,PH-04,45,58,diminished,weakening,Tertiary,3,no,ENT-006,Gravity relaxes texture,medium,RS-008,medium,,,Surface texture diminishes while other properties continue to change.,paper-derived,high,yes,,CRV-03;CRV-04,medium
RS-010,closed_reference_figure12,REL-004,PH-05,58,75,disconnected,decoupled,Tertiary,3,no,ENT-006,Gravity becomes predominant,medium,RS-008,high,,,The earlier texture coupling disappears under the overriding global stimulus.,paper-derived,high,yes,,CRV-03;CRV-04,medium
RS-011,closed_reference_figure12,REL-007,PH-03,25,45,emergent,delayed,Tertiary,3,no,ENT-005,Particle accumulation has begun,long,REL-002,medium,REL-002,,Graduated patterns begin as a delayed effect rather than the intended direct response.,paper-derived,high,yes,,CRV-06;CRV-08,medium
RS-012,closed_reference_figure12,REL-007,PH-04,45,58,active,indirect,Secondary,2,no,ENT-005;ENT-009,Continued accumulation,long,RS-011,high,REL-002,,The delayed response grows in relevance as initial volume and texture associations diminish.,paper-derived,high,yes,,CRV-06;CRV-08,medium
RS-013,closed_reference_figure12,REL-007,PH-05,58,75,predominant,recoupled through material history,Direct,1,yes,ENT-009,Accumulation reaches a threshold range,long,RS-011;RS-012,high,REL-002,,The hierarchy flips: graduated patterns become predominant even though they were initially indirect and delayed.,paper-derived,high,yes,,CRV-06;CRV-08,medium
RS-014,closed_reference_figure12,REL-007,PH-06,75,100,captured,residual / maintained,Direct,1,yes,ENT-007;ENT-008,Solidification preserves prior accumulation,long,RS-011;RS-012;RS-013,high,REL-002,,The final pattern records accumulated prior interactions after the original direct relationship has disappeared.,paper-derived,high,yes,,CRV-06;CRV-08,medium
RS-015,closed_reference_figure12,REL-008,PH-04,45,58,emergent,delayed,Tertiary,3,no,ENT-009,Continued accumulation,long,REL-002,medium,REL-002,,Residual volumes begin to emerge after the original volume response has diminished.,paper-derived,high,yes,,CRV-04;CRV-09,medium
RS-016,closed_reference_figure12,REL-008,PH-05,58,75,active,recoupled differently,Secondary,2,no,ENT-009,Accumulated particles create new local volume,long,RS-015,high,REL-002,,Volume returns through a different causal relationship and no longer carries the original rigidity coupling.,paper-derived,high,yes,,CRV-04;CRV-09,medium
RS-017,closed_reference_figure12,REL-008,PH-06,75,100,residual,persisting legacy,Secondary,2,no,ENT-008,Solidification,long,RS-015;RS-016,high,REL-002,,Residual volume persists as a material legacy of earlier stimulation.,paper-derived,high,yes,,CRV-04;CRV-09,medium
RS-018,closed_reference_figure12,REL-009,PH-01,0,45,background,uncoupled,Tertiary,3,no,ENT-006,Gravity is always present but initially not predominant,none,,none,,,Gravity acts as a persistent background condition.,paper-derived,high,yes,,CRV-04,low
RS-019,closed_reference_figure12,REL-009,PH-04,45,58,increasing,competing,Secondary,2,no,ENT-006,Local magnetic effects weaken,none,RS-018,low,,,Gravity increasingly competes with the local magnetic relationship.,paper-derived,high,yes,,CRV-04,low
RS-020,closed_reference_figure12,REL-009,PH-05,58,75,predominant,overriding,Direct,1,yes,ENT-006,Global influence overrides local responses,none,RS-018;RS-019,low,,,The hierarchy flips as gravity becomes the predominant influence on volume.,paper-derived,high,yes,,CRV-04,low
RS-021,closed_reference_figure12,REL-009,PH-06,75,100,diminished,background,Tertiary,3,no,ENT-007;ENT-008,Solidification restricts movement,none,RS-020,medium,,,Gravity remains present but loses its capacity to reorganise the solidified material.,paper-derived,high,yes,,CRV-04,low
RS-022,closed_reference_figure12,REL-015,PH-06,75,90,active,capturing,Direct,1,yes,ENT-007;ENT-008,Heat off and property remains present,short,REL-007,high,,,Solidification captures the graduated pattern produced by accumulated prior interactions.,diagram-derived,high,yes,,CRV-06;CRV-08,medium
RS-023,closed_reference_figure12,REL-015,PH-07,90,100,captured,maintained,Direct,1,yes,ENT-008,Solid state,none,RS-022,high,,,The property remains while its earlier stimulus associations are disconnected.,diagram-derived,high,yes,,CRV-06;CRV-08,medium
RS-024,closed_reference_figure12,REL-016,PH-06,75,90,conditional,capturing if stimulus maintained,Secondary,2,no,ENT-007;ENT-008,Material composition and magnet position,short,REL-004,medium,,,Large texture can be captured in some material conditions but is not guaranteed.,paper-derived,medium,yes,,CRV-07;CRV-08;CRV-09,low
RS-025,closed_reference_figure12,REL-016,PH-07,90,100,captured or disconnected,scenario dependent,Secondary,2,no,ENT-008,Depends on molecular weight and maintained stimulus,none,RS-024,medium,,,The database should later separate the two material compositions into distinct scenarios.,paper-derived,medium,yes,,CRV-07;CRV-08;CRV-09,low
