relationship_id,scenario_id,source_entity_id,target_entity_id,display_label,initial_coupling_type,initial_hierarchy_level,initial_hierarchy_rank,parent_relationship_id,relationship_direction,polarity,design_intention,delay,memory_source_ids,legacy_strength,cascade_parent_id,leak_target_id,interaction_scale,evidence_basis,confidence,enabled,user_notes,relationship_curve_ids_v2,curve_mapping_confidence
REL-001,closed_reference_figure12,ENT-001,ENT-002,Sensor values parameterise magnet proximity,direct association,Direct,1,,one-way,positive,intended,none,,none,,,Digital → actuator,Paper methods,high,yes,,,
REL-002,closed_reference_figure12,ENT-002,ENT-010,Magnet proximity increases volume,direct influence,Direct,1,REL-001,one-way,positive,intended,short,,low,,,Stimulus → local material region,Figure 12 / paper results,high,yes,,CRV-01;CRV-02,medium
REL-003,closed_reference_figure12,ENT-010,ENT-011,Volume couples with rigidity,direct coupling,Secondary,2,REL-002,bidirectional / coupled,positive,intended,short,REL-002,low,,,Property → property,Figure 12 / paper results,high,yes,,CRV-02;CRV-03,medium
REL-004,closed_reference_figure12,ENT-010,ENT-012,Volume couples with large surface texture,indirect coupling,Secondary,2,REL-002,coupled,positive,unintended / secondary,short,REL-002,low,,,Property → property,Figure 12 / paper results,high,yes,,CRV-03;CRV-04,medium
REL-005,closed_reference_figure12,ENT-010,ENT-013,Volume leaves residual or re-emergent volumes,indirect coupling,Secondary,2,REL-002,coupled,positive,emergent,long,REL-002;REL-008,medium,REL-002,,Property → property,Figure 12 / paper results,medium,yes,,CRV-04;CRV-09,low
REL-006,closed_reference_figure12,ENT-002,ENT-016,Magnet proximity indirectly informs graduated patterns,indirect association,Secondary,2,REL-001,one-way,positive,partly intended / emergent,medium,REL-007,high,,,Stimulus parameter → optical property,Figure 12,medium,yes,Review exact line routing against original drawing.,CRV-05;CRV-06,low
REL-007,closed_reference_figure12,ENT-009,ENT-016,Accumulated particles produce graduated patterns,delayed emergent,Tertiary,3,,one-way,positive,emergent,long,REL-002;REL-009,high,REL-002,,Particle → surface pattern,"Paper results, pp. 19–20",high,yes,,CRV-06;CRV-08,medium
REL-008,closed_reference_figure12,ENT-009,ENT-013,Accumulated particles produce residual volumes,delayed emergent,Tertiary,3,,one-way,positive,emergent,long,REL-002;REL-009,high,REL-002,,Particle → local material region,"Paper results, pp. 19–20",high,yes,,CRV-04;CRV-09,medium
REL-009,closed_reference_figure12,ENT-006,ENT-010,Gravity diminishes or overrides volume,overriding influence,Tertiary,3,,one-way,negative,contextual,medium,,none,,,Global context → local property,Figure 12 / paper results,high,yes,,CRV-04,low
REL-010,closed_reference_figure12,ENT-006,ENT-012,Gravity diminishes or overrides surface texture,overriding influence,Tertiary,3,,one-way,negative,contextual,medium,,none,,,Global context → surface property,Figure 12 / paper results,high,yes,,CRV-04;CRV-05,low
REL-011,closed_reference_figure12,ENT-003,ENT-004,Heat enables liquid state,state transition,Direct,1,,one-way,positive,intended,medium,,none,,,Whole-sample state,Figure 12,high,yes,,,
REL-012,closed_reference_figure12,ENT-004,ENT-005,Liquid state enables magnetic response,state-dependent enabling,Direct,1,REL-011,one-way,positive,intended,none,,none,,,State → stimulus response,Figure 12,high,yes,,,
REL-013,closed_reference_figure12,ENT-002,ENT-005,Magnet proximity parameterises local magnetic stimulus,direct association,Direct,1,REL-001,one-way,positive,intended,none,,none,,,Actuator → local stimulus,Figure 12,high,yes,,,
REL-014,closed_reference_figure12,ENT-007,ENT-008,Heat removal enables solid state,state transition,Direct,1,,one-way,positive,intended,medium,,none,,,Whole-sample state,Figure 12,high,yes,,,
REL-015,closed_reference_figure12,ENT-008,ENT-016,Solid state captures graduated patterns,capture relationship,Direct,1,REL-014,one-way,positive,conditional,short,REL-007,high,,,State → retained property,Figure 12 / paper results,high,yes,,CRV-06;CRV-08,medium
REL-016,closed_reference_figure12,ENT-008,ENT-012,Solid state may capture surface texture if stimulus is maintained,conditional capture,Secondary,2,REL-014,one-way,positive,conditional,short,REL-004,medium,,,State → retained property,Figure 12 / paper results,medium,yes,Outcome differs by material composition and maintained magnet position.,CRV-07;CRV-08;CRV-09,low
REL-017,closed_reference_figure12,ENT-005,ENT-014,Magnetic stimulus may produce smooth surface texture,possible indirect,Tertiary,3,REL-013,one-way,variable,emergent,variable,,low,REL-013,,Local stimulus → surface,Figure 12,low,yes,Review exact association.,CRV-05,low
REL-018,closed_reference_figure12,ENT-005,ENT-015,Magnetic stimulus may alter opacity,possible indirect,Tertiary,3,REL-013,one-way,variable,emergent,variable,,low,REL-013,,Local stimulus → optical property,Figure 12,low,yes,Review exact association.,CRV-05;CRV-08,low
REL-019,closed_reference_figure12,ENT-005,ENT-018,Magnetic stimulus may produce fine-grain texture,possible delayed,Tertiary,3,REL-013,one-way,positive,emergent,long,REL-007,medium,REL-013,,Local stimulus → surface,Figure 12,medium,yes,,CRV-05;CRV-07;CRV-09,low
REL-020,closed_reference_figure12,ENT-005,ENT-019,Magnetic stimulus may produce rippled texture,possible delayed,Tertiary,3,REL-013,one-way,variable,emergent,variable,,low,REL-013,,Local stimulus → surface,Figure 12,low,yes,Review exact association.,CRV-05;CRV-08,low
REL-021,closed_reference_figure12,ENT-004,ENT-017,Liquid state exposes state-changing material capacity,state-dependent enabling,Tertiary,3,REL-011,one-way,positive,intended,none,,none,,,State → material capacity,Figure 12,medium,yes,,,
