curve_id,scenario_id,working_name,curve_role,diagnostic_colour,final_visual_family,stroke_weight_class,dash_pattern_hint,related_relationship_ids,related_property_ids,related_stimulus_ids,supports_branching,description,evidence_basis,confidence,enabled,user_notes
CRV-01,closed_reference_figure12,Early strong direct-response relationship,relationship,#e6007e,strong solid,medium-heavy,solid,REL-002,ENT-010,ENT-005,no,"Strong early relationship that rises rapidly, reaches a pronounced peak, then diminishes to zero. Diagnostic magenta only; final webpage should use the original monochrome relationship language.",User-cleaned WoI curve reference + original Figure 12,high,yes,Working semantic assignment; verify exact relationship name during visual review.
CRV-02,closed_reference_figure12,Strong coupled relationship with later re-emergence,relationship,#000000,heavy black dashed,heavy,short bold dash,REL-002;REL-003,ENT-010;ENT-011,ENT-005,no,"Strong early coupled relationship; diminishes to zero, later re-emerges at a lower extent of influence and plateaus.",User-cleaned WoI curve reference + original Figure 12,high,yes,This trajectory is central to the re-emergence window.
CRV-03,closed_reference_figure12,Early coupled secondary relationship,relationship,#f26a21,heavy dashed,heavy,short rounded dash,REL-003;REL-004,ENT-011;ENT-012,ENT-005,no,Early coupled/secondary relationship with a similar early peak to CRV-02 but no later re-emergence.,User-cleaned WoI curve reference + original Figure 12,high,yes,Diagnostic orange only.
CRV-04,closed_reference_figure12,Persistent / bifurcating secondary relationship,relationship,#999999,broad grey dashed,heavy,long rounded dash,REL-004;REL-008,ENT-012;ENT-013,ENT-005;ENT-006,yes,Early secondary relationship that diminishes more slowly and later bifurcates: one branch persists around a middle influence level while another branch falls toward zero.,User-cleaned WoI curve reference + original Figure 12,high,yes,Render as one relationship with a branch event rather than two unrelated curves.
CRV-05,closed_reference_figure12,Diminishing indirect relationship with low persistence,relationship,#f2dd15,fine dashed,light,fine dash,REL-017;REL-018;REL-019;REL-020,ENT-014;ENT-015;ENT-018;ENT-019,ENT-005;ENT-009,no,"Indirect/delayed relationship that appears during the decline of early responses, then gradually diminishes and persists at a low influence plateau.",User-cleaned WoI curve reference + original Figure 12,medium,yes,Diagnostic yellow only; exact semantic property participation remains to be reviewed.
CRV-06,closed_reference_figure12,Late predominant captured relationship,relationship,#0876bd,strong dark solid,medium-heavy,solid,REL-007;REL-015,ENT-016,ENT-009;ENT-007;ENT-008,no,"Late relationship that rapidly emerges, reaches a high plateau and remains strongly captured through the final state.",User-cleaned WoI curve reference + original Figure 12,high,yes,Diagnostic blue only; do not confuse with the separate blue stimulus-impact curves.
CRV-07,closed_reference_figure12,Late predominant then diminishing relationship,relationship,#006837,medium dashed,medium,medium dash,REL-016;REL-019,ENT-012;ENT-018,ENT-009;ENT-007;ENT-008,no,"Late-emerging relationship that reaches a high extent of influence, then gradually diminishes while remaining present.",User-cleaned WoI curve reference + original Figure 12,medium,yes,Diagnostic dark green only.
CRV-08,closed_reference_figure12,High persistent / residual relationship,relationship,#a51c69,dash-dot / broken,medium-light,dash-dot,REL-015;REL-016,ENT-015;ENT-016;ENT-019,ENT-007;ENT-008,no,Relationship that begins around the later high-influence plateau and gradually diminishes to a still-high persistent state.,User-cleaned WoI curve reference + original Figure 12,medium,yes,Diagnostic purple only.
CRV-09,closed_reference_figure12,Late re-emerging relationship,relationship,#00a651,medium solid,medium,solid,REL-008;REL-016;REL-019,ENT-010;ENT-012;ENT-013;ENT-018,ENT-009;ENT-007;ENT-008,no,"Relationship that emerges relatively late from near zero, rises strongly and reaches a high plateau in the captured-state region.",User-cleaned WoI curve reference + original Figure 12,medium,yes,Diagnostic green only.
