ID Number,Project,Combined ID Number + Project,State,Parent Project ID,Mutation,Scaffold Type Sectors,Discourse,System Condition,Scale of Interaction,Temporal Character,Relational Type,Concept Tags,Artefact Type,Source material folder,Video Link,Webpage slug,What it helped me think,What question it opened,Possible future mutation,Possible mutation note,Related references,Questions Raised
001,Mineral Accretion,001 - Mineral Accretion,executed,,,Rigid,Non [Analogue],closed,Materials,event-based,stimulus-response,turbulence,prototype,,,,Material behaviour can be directed through modulated stimuli rather than fixed form.,"What happens when multiple stimuli overlap, interfere, or override one another?",localised growth,"localised growth through distributed, localised  stimulus fields",,"Which ideas arose independently from this starting point? | Does this project operate at one scale, or span several simultaneously?"
002,Mineral Accretion: Variable Properties,002 - Mineral Accretion: Variable Properties,executed,001 - Mineral Accretion,localised growth,Rigid,Non [Analogue],closed,Materials,event-based,stimulus-response,turbulence,prototype,,,,,How can digital comunication be established with materials,scaffold type,,,"What changed even though the Scale of Interaction remained Materials? | Does this project operate at one scale, or span several simultaneously?"
003,Mineral Accretion: Data Informed Variable Properties,003 - Mineral Accretion: Data Informed Variable Properties,executed,002 - Mineral Accretion: Variable Properties,digital communication,Rigid,Non [Digital],closed,Materials,event-based,stimulus-response,maintanence,prototype,,,,,,time-shift,,,"What changed even though the Scale of Interaction remained Materials? | Does this project operate at one scale, or span several simultaneously?"
004,Mineral Accretion: Feedback,004 - Mineral Accretion: Feedback,executed,003 - Mineral Accretion: Data Informed Variable Properties,system-closing,Rigid,Feedback [Digital],closed,Materials,cyclical,exchange,relational unflattening,prototype,,,,,,system-opening,,,"What changed even though the Scale of Interaction remained Materials? | Does this project operate at one scale, or span several simultaneously?"
005,2D Paint Patterns,005 - 2D Paint Patterns,executed,,scaffold type,Liquid,Non [Digital],closed,Materials,event-based,stimulus-response,available adaptation,prototype,,,,,,scaffold type,,,"Which ideas arose independently from this starting point? | Does this project operate at one scale, or span several simultaneously?"
006,3D Paint Patterns,006 - 3D Paint Patterns,executed,005 - 2D Paint Patterns,dimensions-shift,Liquid,Non [Digital],closed,Materials,event-based,stimulus-response,available adaptation,prototype,,,,,,state-shift,,,"What changed even though the Scale of Interaction remained Materials? | Does this project operate at one scale, or span several simultaneously?"
,,,,,,,,,,,,,,,,,,,,,,
,,,,,,,,,,,,,,,,,,,,,,
009,Magnetised Wax,009 - Magnetised Wax,executed,,material-shift,Stimuli + State,Non [Digital],closed,Materials,event-based,stimulus-response,temporal interactions,prototype,,,,,,scale-shift,,,"Which ideas arose independently from this starting point? | Does this project operate at one scale, or span several simultaneously?"
010,Magnetised Thermoplastics: Material Samples,010 - Magnetised Thermoplastics: Material Samples,executed,009 - Magnetised Wax,extension,Stimuli + State,Non [Digital],closed,Materials,cyclical,stimulus-response,temporal interactions,prototype,,,,Material Responses in relation to an application,,time-shift,,,"What changed even though the Scale of Interaction remained Materials? | Does this project operate at one scale, or span several simultaneously?"
011,Magnetised Thermoplastics: Speculative Prosthetics,011 - Magnetised Thermoplastics: Speculative Prosthetics,executed,010 - Magnetised Thermoplastics: Material Samples,dimensions shift,Stimuli + State,Non [Digital],closed,Bodies,cyclical,stimulus-response,evolvable parameters,prototype,,,,Dimensions and heirachical states governs types of interactions and material properties ellicited,Fidelity when shifting from 2D to 3D,domain-shift,,,"What changes when this idea moves from Materials to Bodies? | Does this project operate at one scale, or span several simultaneously?"
012,Windows of Influence,012 - Windows of Influence,forming,011 - Magnetised Thermoplastics: Speculative Prosthetics,abstraction,Digital,Feedback [Digital],open,Ecologies,speculative,cascade,ecological attunement,webpage,,,,,How can discourse be reparamterised on the fly? How can meaninfgul discourse be SOMETHING within open-system intercations,state-shift,,,"What changes when this idea moves from Bodies to Ecologies? | What persists when the scaffold changes from Stimuli + State to Digital? | Where did a closed system become open? | Does this project operate at one scale, or span several simultaneously?"
013,Ecological Twinning,013 - Ecological Twinning,forming,,system-opening,Digital,Feedback [Digital],open,Governance,speculative,pause,ecological attunement,webpage,,,,,,time-shift,,,"Which ideas arose independently from this starting point? | Does this project operate at one scale, or span several simultaneously?"
