timeline_id,scenario_id,entity_id,time,relative_influence,qualitative_state,hierarchy_level,hierarchy_rank,informed_by_relationship_ids,active_stimuli_ids,memory_source_ids,legacy_strength,data_basis,confidence,enabled,user_notes
TL-001,closed_reference_figure12,ENT-010,0,0.0,dormant,Direct,1,REL-002;REL-008;REL-009,ENT-003;ENT-005;ENT-006;ENT-007;ENT-009,,none,Approximation traced from Figure 12; not measured data,medium,yes,Adjust values after comparing with the original editable drawing.
TL-002,closed_reference_figure12,ENT-010,15,0.0,dormant,Direct,1,REL-002;REL-008;REL-009,ENT-003;ENT-005;ENT-006;ENT-007;ENT-009,,none,Approximation traced from Figure 12; not measured data,medium,yes,Adjust values after comparing with the original editable drawing.
TL-003,closed_reference_figure12,ENT-010,25,0.65,emerging,Direct,1,REL-002;REL-008;REL-009,ENT-003;ENT-005;ENT-006;ENT-007;ENT-009,,none,Approximation traced from Figure 12; not measured data,medium,yes,Adjust values after comparing with the original editable drawing.
TL-004,closed_reference_figure12,ENT-010,40,0.95,predominant,Direct,1,REL-002;REL-008;REL-009,ENT-003;ENT-005;ENT-006;ENT-007;ENT-009,,none,Approximation traced from Figure 12; not measured data,medium,yes,Adjust values after comparing with the original editable drawing.
TL-005,closed_reference_figure12,ENT-010,55,0.35,diminishing,Secondary,2,REL-002;REL-008;REL-009,ENT-003;ENT-005;ENT-006;ENT-007;ENT-009,REL-002;REL-008;REL-009,medium,Approximation traced from Figure 12; not measured data,medium,yes,Adjust values after comparing with the original editable drawing.
TL-006,closed_reference_figure12,ENT-010,65,0.05,decoupled,Tertiary,3,REL-002;REL-008;REL-009,ENT-003;ENT-005;ENT-006;ENT-007;ENT-009,REL-002;REL-008;REL-009,medium,Approximation traced from Figure 12; not measured data,medium,yes,Adjust values after comparing with the original editable drawing.
TL-007,closed_reference_figure12,ENT-010,75,0.0,absent,Tertiary,3,REL-002;REL-008;REL-009,ENT-003;ENT-005;ENT-006;ENT-007;ENT-009,REL-002;REL-008;REL-009,high,Approximation traced from Figure 12; not measured data,medium,yes,Adjust values after comparing with the original editable drawing.
TL-008,closed_reference_figure12,ENT-010,85,0.28,re-emergent / residual,Secondary,2,REL-002;REL-008;REL-009,ENT-003;ENT-005;ENT-006;ENT-007;ENT-009,REL-002;REL-008;REL-009,high,Approximation traced from Figure 12; not measured data,medium,yes,Adjust values after comparing with the original editable drawing.
TL-009,closed_reference_figure12,ENT-010,100,0.28,captured residual,Secondary,2,REL-002;REL-008;REL-009,ENT-003;ENT-005;ENT-006;ENT-007;ENT-009,REL-002;REL-008;REL-009,high,Approximation traced from Figure 12; not measured data,medium,yes,Adjust values after comparing with the original editable drawing.
TL-010,closed_reference_figure12,ENT-011,0,0.0,dormant,Secondary,2,REL-003,ENT-003;ENT-005;ENT-006;ENT-007;ENT-009,,none,Approximation traced from Figure 12; not measured data,medium,yes,Adjust values after comparing with the original editable drawing.
TL-011,closed_reference_figure12,ENT-011,15,0.0,dormant,Secondary,2,REL-003,ENT-003;ENT-005;ENT-006;ENT-007;ENT-009,,none,Approximation traced from Figure 12; not measured data,medium,yes,Adjust values after comparing with the original editable drawing.
TL-012,closed_reference_figure12,ENT-011,25,0.45,emerging,Secondary,2,REL-003,ENT-003;ENT-005;ENT-006;ENT-007;ENT-009,,none,Approximation traced from Figure 12; not measured data,medium,yes,Adjust values after comparing with the original editable drawing.
TL-013,closed_reference_figure12,ENT-011,40,0.78,coupled,Secondary,2,REL-003,ENT-003;ENT-005;ENT-006;ENT-007;ENT-009,,none,Approximation traced from Figure 12; not measured data,medium,yes,Adjust values after comparing with the original editable drawing.
TL-014,closed_reference_figure12,ENT-011,55,0.2,diminishing,Tertiary,3,REL-003,ENT-003;ENT-005;ENT-006;ENT-007;ENT-009,REL-003,medium,Approximation traced from Figure 12; not measured data,medium,yes,Adjust values after comparing with the original editable drawing.
TL-015,closed_reference_figure12,ENT-011,65,0.0,decoupled,Tertiary,3,REL-003,ENT-003;ENT-005;ENT-006;ENT-007;ENT-009,REL-003,medium,Approximation traced from Figure 12; not measured data,medium,yes,Adjust values after comparing with the original editable drawing.
TL-016,closed_reference_figure12,ENT-011,75,0.0,absent,Tertiary,3,REL-003,ENT-003;ENT-005;ENT-006;ENT-007;ENT-009,REL-003,high,Approximation traced from Figure 12; not measured data,medium,yes,Adjust values after comparing with the original editable drawing.
TL-017,closed_reference_figure12,ENT-011,85,0.03,not reliably present,Tertiary,3,REL-003,ENT-003;ENT-005;ENT-006;ENT-007;ENT-009,REL-003,high,Approximation traced from Figure 12; not measured data,medium,yes,Adjust values after comparing with the original editable drawing.
TL-018,closed_reference_figure12,ENT-011,100,0.03,disconnected,Tertiary,3,REL-003,ENT-003;ENT-005;ENT-006;ENT-007;ENT-009,REL-003,high,Approximation traced from Figure 12; not measured data,medium,yes,Adjust values after comparing with the original editable drawing.
TL-019,closed_reference_figure12,ENT-012,0,0.0,dormant,Secondary,2,REL-004;REL-010;REL-016,ENT-003;ENT-005;ENT-006;ENT-007;ENT-009,,none,Approximation traced from Figure 12; not measured data,medium,yes,Adjust values after comparing with the original editable drawing.
TL-020,closed_reference_figure12,ENT-012,15,0.0,dormant,Secondary,2,REL-004;REL-010;REL-016,ENT-003;ENT-005;ENT-006;ENT-007;ENT-009,,none,Approximation traced from Figure 12; not measured data,medium,yes,Adjust values after comparing with the original editable drawing.
TL-021,closed_reference_figure12,ENT-012,25,0.3,emerging,Secondary,2,REL-004;REL-010;REL-016,ENT-003;ENT-005;ENT-006;ENT-007;ENT-009,,none,Approximation traced from Figure 12; not measured data,medium,yes,Adjust values after comparing with the original editable drawing.
TL-022,closed_reference_figure12,ENT-012,40,0.7,indirectly coupled,Secondary,2,REL-004;REL-010;REL-016,ENT-003;ENT-005;ENT-006;ENT-007;ENT-009,,none,Approximation traced from Figure 12; not measured data,medium,yes,Adjust values after comparing with the original editable drawing.
TL-023,closed_reference_figure12,ENT-012,55,0.18,diminishing,Tertiary,3,REL-004;REL-010;REL-016,ENT-003;ENT-005;ENT-006;ENT-007;ENT-009,REL-004;REL-010;REL-016,medium,Approximation traced from Figure 12; not measured data,medium,yes,Adjust values after comparing with the original editable drawing.
TL-024,closed_reference_figure12,ENT-012,65,0.0,decoupled,Tertiary,3,REL-004;REL-010;REL-016,ENT-003;ENT-005;ENT-006;ENT-007;ENT-009,REL-004;REL-010;REL-016,medium,Approximation traced from Figure 12; not measured data,medium,yes,Adjust values after comparing with the original editable drawing.
TL-025,closed_reference_figure12,ENT-012,75,0.0,absent,Tertiary,3,REL-004;REL-010;REL-016,ENT-003;ENT-005;ENT-006;ENT-007;ENT-009,REL-004;REL-010;REL-016,high,Approximation traced from Figure 12; not measured data,medium,yes,Adjust values after comparing with the original editable drawing.
TL-026,closed_reference_figure12,ENT-012,85,0.15,conditionally captured,Secondary,2,REL-004;REL-010;REL-016,ENT-003;ENT-005;ENT-006;ENT-007;ENT-009,REL-004;REL-010;REL-016,high,Approximation traced from Figure 12; not measured data,medium,yes,Adjust values after comparing with the original editable drawing.
TL-027,closed_reference_figure12,ENT-012,100,0.15,scenario dependent,Secondary,2,REL-004;REL-010;REL-016,ENT-003;ENT-005;ENT-006;ENT-007;ENT-009,REL-004;REL-010;REL-016,high,Approximation traced from Figure 12; not measured data,medium,yes,Adjust values after comparing with the original editable drawing.
TL-028,closed_reference_figure12,ENT-013,0,0.0,dormant,Secondary,2,REL-005;REL-008,ENT-003;ENT-005;ENT-006;ENT-007;ENT-009,,none,Approximation traced from Figure 12; not measured data,medium,yes,Adjust values after comparing with the original editable drawing.
TL-029,closed_reference_figure12,ENT-013,15,0.0,dormant,Secondary,2,REL-005;REL-008,ENT-003;ENT-005;ENT-006;ENT-007;ENT-009,,none,Approximation traced from Figure 12; not measured data,medium,yes,Adjust values after comparing with the original editable drawing.
TL-030,closed_reference_figure12,ENT-013,25,0.0,absent,Secondary,2,REL-005;REL-008,ENT-003;ENT-005;ENT-006;ENT-007;ENT-009,,none,Approximation traced from Figure 12; not measured data,medium,yes,Adjust values after comparing with the original editable drawing.
TL-031,closed_reference_figure12,ENT-013,40,0.05,incipient,Tertiary,3,REL-005;REL-008,ENT-003;ENT-005;ENT-006;ENT-007;ENT-009,,none,Approximation traced from Figure 12; not measured data,medium,yes,Adjust values after comparing with the original editable drawing.
TL-032,closed_reference_figure12,ENT-013,55,0.18,emergent,Tertiary,3,REL-005;REL-008,ENT-003;ENT-005;ENT-006;ENT-007;ENT-009,REL-005;REL-008,medium,Approximation traced from Figure 12; not measured data,medium,yes,Adjust values after comparing with the original editable drawing.
TL-033,closed_reference_figure12,ENT-013,65,0.35,re-emerging,Secondary,2,REL-005;REL-008,ENT-003;ENT-005;ENT-006;ENT-007;ENT-009,REL-005;REL-008,medium,Approximation traced from Figure 12; not measured data,medium,yes,Adjust values after comparing with the original editable drawing.
TL-034,closed_reference_figure12,ENT-013,75,0.48,active,Secondary,2,REL-005;REL-008,ENT-003;ENT-005;ENT-006;ENT-007;ENT-009,REL-005;REL-008,high,Approximation traced from Figure 12; not measured data,medium,yes,Adjust values after comparing with the original editable drawing.
TL-035,closed_reference_figure12,ENT-013,85,0.48,residual,Secondary,2,REL-005;REL-008,ENT-003;ENT-005;ENT-006;ENT-007;ENT-009,REL-005;REL-008,high,Approximation traced from Figure 12; not measured data,medium,yes,Adjust values after comparing with the original editable drawing.
TL-036,closed_reference_figure12,ENT-013,100,0.48,captured residual,Secondary,2,REL-005;REL-008,ENT-003;ENT-005;ENT-006;ENT-007;ENT-009,REL-005;REL-008,high,Approximation traced from Figure 12; not measured data,medium,yes,Adjust values after comparing with the original editable drawing.
TL-037,closed_reference_figure12,ENT-016,0,0.0,dormant,Secondary,2,REL-006;REL-007;REL-015,ENT-003;ENT-005;ENT-006;ENT-007;ENT-009,,none,Approximation traced from Figure 12; not measured data,medium,yes,Adjust values after comparing with the original editable drawing.
TL-038,closed_reference_figure12,ENT-016,15,0.0,dormant,Secondary,2,REL-006;REL-007;REL-015,ENT-003;ENT-005;ENT-006;ENT-007;ENT-009,,none,Approximation traced from Figure 12; not measured data,medium,yes,Adjust values after comparing with the original editable drawing.
TL-039,closed_reference_figure12,ENT-016,25,0.05,incipient,Tertiary,3,REL-006;REL-007;REL-015,ENT-003;ENT-005;ENT-006;ENT-007;ENT-009,,none,Approximation traced from Figure 12; not measured data,medium,yes,Adjust values after comparing with the original editable drawing.
TL-040,closed_reference_figure12,ENT-016,40,0.2,emergent,Tertiary,3,REL-006;REL-007;REL-015,ENT-003;ENT-005;ENT-006;ENT-007;ENT-009,,none,Approximation traced from Figure 12; not measured data,medium,yes,Adjust values after comparing with the original editable drawing.
TL-041,closed_reference_figure12,ENT-016,55,0.52,increasing,Secondary,2,REL-006;REL-007;REL-015,ENT-003;ENT-005;ENT-006;ENT-007;ENT-009,REL-006;REL-007;REL-015,medium,Approximation traced from Figure 12; not measured data,medium,yes,Adjust values after comparing with the original editable drawing.
TL-042,closed_reference_figure12,ENT-016,65,0.92,predominant,Direct,1,REL-006;REL-007;REL-015,ENT-003;ENT-005;ENT-006;ENT-007;ENT-009,REL-006;REL-007;REL-015,medium,Approximation traced from Figure 12; not measured data,medium,yes,Adjust values after comparing with the original editable drawing.
TL-043,closed_reference_figure12,ENT-016,75,0.88,predominant,Direct,1,REL-006;REL-007;REL-015,ENT-003;ENT-005;ENT-006;ENT-007;ENT-009,REL-006;REL-007;REL-015,high,Approximation traced from Figure 12; not measured data,medium,yes,Adjust values after comparing with the original editable drawing.
TL-044,closed_reference_figure12,ENT-016,85,0.78,capturing,Direct,1,REL-006;REL-007;REL-015,ENT-003;ENT-005;ENT-006;ENT-007;ENT-009,REL-006;REL-007;REL-015,high,Approximation traced from Figure 12; not measured data,medium,yes,Adjust values after comparing with the original editable drawing.
TL-045,closed_reference_figure12,ENT-016,100,0.72,captured / residual,Direct,1,REL-006;REL-007;REL-015,ENT-003;ENT-005;ENT-006;ENT-007;ENT-009,REL-006;REL-007;REL-015,high,Approximation traced from Figure 12; not measured data,medium,yes,Adjust values after comparing with the original editable drawing.
TL-046,closed_reference_figure12,ENT-018,0,0.0,dormant,Tertiary,3,REL-019,ENT-003;ENT-005;ENT-006;ENT-007;ENT-009,,none,Approximation traced from Figure 12; not measured data,medium,yes,Adjust values after comparing with the original editable drawing.
TL-047,closed_reference_figure12,ENT-018,15,0.0,dormant,Tertiary,3,REL-019,ENT-003;ENT-005;ENT-006;ENT-007;ENT-009,,none,Approximation traced from Figure 12; not measured data,medium,yes,Adjust values after comparing with the original editable drawing.
TL-048,closed_reference_figure12,ENT-018,25,0.0,absent,Tertiary,3,REL-019,ENT-003;ENT-005;ENT-006;ENT-007;ENT-009,,none,Approximation traced from Figure 12; not measured data,medium,yes,Adjust values after comparing with the original editable drawing.
TL-049,closed_reference_figure12,ENT-018,40,0.03,incipient,Tertiary,3,REL-019,ENT-003;ENT-005;ENT-006;ENT-007;ENT-009,,none,Approximation traced from Figure 12; not measured data,medium,yes,Adjust values after comparing with the original editable drawing.
TL-050,closed_reference_figure12,ENT-018,55,0.15,emergent,Tertiary,3,REL-019,ENT-003;ENT-005;ENT-006;ENT-007;ENT-009,REL-019,medium,Approximation traced from Figure 12; not measured data,medium,yes,Adjust values after comparing with the original editable drawing.
TL-051,closed_reference_figure12,ENT-018,65,0.42,delayed response,Secondary,2,REL-019,ENT-003;ENT-005;ENT-006;ENT-007;ENT-009,REL-019,medium,Approximation traced from Figure 12; not measured data,medium,yes,Adjust values after comparing with the original editable drawing.
TL-052,closed_reference_figure12,ENT-018,75,0.55,active,Secondary,2,REL-019,ENT-003;ENT-005;ENT-006;ENT-007;ENT-009,REL-019,high,Approximation traced from Figure 12; not measured data,medium,yes,Adjust values after comparing with the original editable drawing.
TL-053,closed_reference_figure12,ENT-018,85,0.45,capturing,Secondary,2,REL-019,ENT-003;ENT-005;ENT-006;ENT-007;ENT-009,REL-019,high,Approximation traced from Figure 12; not measured data,medium,yes,Adjust values after comparing with the original editable drawing.
TL-054,closed_reference_figure12,ENT-018,100,0.4,captured / possible,Secondary,2,REL-019,ENT-003;ENT-005;ENT-006;ENT-007;ENT-009,REL-019,high,Approximation traced from Figure 12; not measured data,medium,yes,Adjust values after comparing with the original editable drawing.
