entity_id,scenario_id,display_label,entity_type,entity_family,description,initial_hierarchy_level,initial_hierarchy_rank,visual_group,interaction_scale,open_system_role,source_reference,enabled,user_notes
ENT-001,closed_reference_figure12,Sensor Parameters,Digital parameter,Digital / sensing,Recorded or authored values that inform actuator positions.,Not applicable,,Digital inputs,Digital → material,External data / agent input,Figure 12 and paper methods,yes,
ENT-002,closed_reference_figure12,Magnet Proximity,Stimulus parameter,Stimuli,Distance between magnet and material; controls local intensity and area of magnetic influence.,Stimulus parameter,,Stimuli parameters,Material region,Parameter subject to reparameterisation,Figure 12,yes,
ENT-003,closed_reference_figure12,Heat On,Stimulus event,Thermal stimulus,Heating initiates melting and enables the responsive liquid state.,Not applicable,,Stimulus events,Whole sample,State-changing external condition,Figure 12,yes,
ENT-004,closed_reference_figure12,Liquid State,Material state,Material state,Responsive state in which magnetic manipulation and high-resolution property changes can occur.,Not applicable,,Material states,Whole sample,State enabling relationships,Figure 12,yes,
ENT-005,closed_reference_figure12,Locally Induced Magnetic Stimulus,Stimulus,Magnetic stimulus,Local magnetic influence generated through actuator-controlled magnet positions.,Not applicable,,Stimuli,Local material region,Local agent / stimulus,Figure 12,yes,
ENT-006,closed_reference_figure12,Global Gravity,Stimulus,Environmental stimulus,"Persistent global influence that can relax, redistribute or override local magnetic responses.",Not applicable,,Stimuli,Whole sample,Persistent contextual condition,Figure 12,yes,
ENT-007,closed_reference_figure12,Heat Off,Stimulus event,Thermal stimulus,Removal of heat initiates solidification and changes which properties can remain active.,Not applicable,,Stimulus events,Whole sample,State-changing external condition,Figure 12,yes,
ENT-008,closed_reference_figure12,Solid State,Material state,Material state,State in which selected responses may be captured while other associations become disconnected.,Not applicable,,Material states,Whole sample,State restricting / preserving relationships,Figure 12,yes,
ENT-009,closed_reference_figure12,Magnetic Particle Accumulation,Material process,Material process,Time-dependent movement and accumulation of ferromagnetic particles within or through the polymer.,Not applicable,,Material processes,Particle → local region,Memory / legacy carrier,"Paper results, pp. 19–20",yes,
ENT-010,closed_reference_figure12,Volume,Material property,Material response,Local increase in material volume; the initially intended direct response to pressure-informed magnet proximity.,Direct,1,Material properties,Local material region,Property / possible future stimulus,Figure 12,yes,
ENT-011,closed_reference_figure12,Rigidity,Material property,Material response,Local rigidity expected to increase as a secondary property coupled to increased volume.,Secondary,2,Material properties,Local material region,Property / constraint,Figure 12,yes,
ENT-012,closed_reference_figure12,Large Surface Texture,Material property,Material response,Pronounced surface texture emerging as a coupled or unintended response.,Secondary,2,Material properties,Surface / local region,Property / interface,Figure 12,yes,
ENT-013,closed_reference_figure12,Residual Volumes,Material property,Material response,Volume traces or re-emergent accumulations that persist after initial associations diminish.,Secondary,2,Material properties,Local material region,Residual / legacy property,Figure 12,yes,
ENT-014,closed_reference_figure12,Smooth Surface Texture,Material property,Material response,A possible surface condition appearing within diminishing or reconfigured associations.,Tertiary,3,Material properties,Surface,Emergent property,Figure 12,yes,
ENT-015,closed_reference_figure12,Opacity,Material property,Material response,A possible optical response associated with particle distribution and material state.,Tertiary,3,Material properties,Surface / material volume,Emergent property,Figure 12,yes,
ENT-016,closed_reference_figure12,Graduated Patterns,Material property,Material response,Gradient patterns that increase as particles accumulate and may persist after other responses diminish.,Secondary,2,Material properties,Surface / local region,Memory / legacy expression,Figure 12,yes,
ENT-017,closed_reference_figure12,State-Change Material,Material property,Material response,The material's ability to transition between responsive and stabilised states.,Tertiary,3,Material properties,Whole sample,State-changing capacity,Figure 12,yes,
ENT-018,closed_reference_figure12,Fine-Grain Texture,Material property,Material response,A delayed fine-grained texture associated with continued particle accumulation.,Tertiary,3,Material properties,Surface / local region,Delayed emergent property,Figure 12,yes,
ENT-019,closed_reference_figure12,Rippled Texture,Material property,Material response,A possible rippled response that may emerge or be captured under particular conditions.,Tertiary,3,Material properties,Surface / local region,Conditional emergent property,Figure 12,yes,
