node_id,display_title,what_is_represented,hover_summary
energy_input,Energy,"Energy entering extraction, material processing, fabrication and transport. Energy values use their own scale and must not be added to material quantities.",Energy inputs | Separate scale from material mass | Select to inspect connected energy flows
virgin_resources,Virgin Resources,"Materials entering the industrial system before they have been recovered from previous products. The current evidence includes minerals, timber and estimated upstream feedstocks.","Primary resource inputs | Minerals, timber and upstream estimates | Select to inspect connected flows"
extraction,Extraction,"Removal or harvesting of material from geological, marine or biological sources before it is prepared for industrial use.",Extraction and harvesting | Inputs move toward processing | Select to inspect connected flows
material_processing,Material Processing,"Refining, sorting, crushing, melting, pulping and other transformations that convert raw or recovered material into usable feedstocks.",Raw and recovered materials transformed | Includes high-energy processes | Select to inspect connected flows
fabrication_manufacture,Fabrication / Manufacture,"Shaping, combining and assembling processed materials into products, components and structures.",Materials become products and structures | Select to inspect connected flows
distribution_transport,Distribution / Transport,The movement of materials and products between stages. Freight activity and emissions are shown separately from material mass.,Freight movement and transport emissions | Separate service scale
use_consumption,Use / Consumption,"Products and materials while they are in service, ownership or consumption before they are discarded, reused or recovered.",Products in service or consumption | Select to inspect incoming and end-of-use flows
end_of_use,End of Use,"The point at which products leave their current use and are directed toward reuse, recycling, export, treatment or disposal.",Products leave their current use | Multiple recovery and loss routes
limited_reuse,Re Use,Products or components kept in use with little or no material reprocessing. Current evidence includes confirmed vehicle reuse and a textile stream whose reuse/recycling split is not reported.,2 recovery streams shown | Direct reuse and a combined reuse/recycling stream
limited_recycling,Recycling,"Materials returned toward processing through recycling, recovery, formal collection or downcycling. The connected ribbons represent different materials and do not all retain the same quality or function.","6 recovery streams shown | Recycling, downcycling, collection and recovered material"
sink_export_other_treatment,Export / Other Treatment,Material leaving the represented UK processing system through export or a route not resolved in greater detail.,Material leaves the represented domestic system | Outcome partly unresolved
sink_other_uncaptured_weee,Uncaptured Electrical and Electronic Waste,Electrical and electronic waste that is not evidenced within formal collection and recycling routes.,Electrical waste outside formal collection | Valuable and hazardous materials may be lost
sink_waste_losses,Waste / Losses,"Material leaving the useful production pathway as residues, rejects or other waste.",Material and embedded energy leave useful production
sink_other_treatment_losses,Other Treatment / Losses,"Material assigned to treatment routes that are not identified as reuse, recycling or a single disposal route in the current evidence.",Treatment route unresolved | Material value not clearly retained
sink_landfill,Landfill,Material deposited in landfill and removed from active product or material circulation.,Terminal disposal | Material removed from active circulation
sink_landfill_incineration,Landfill / Incineration,Residual waste reported through a combined route that may include landfill and incineration without a separate quantitative split.,Combined residual route | Landfill and incineration split not reported
sink_incineration,Incineration,"Material destroyed through combustion, sometimes with energy recovery, rather than retained as a product or equivalent material.",Combustion route | Material form is destroyed
sink_atmospheric_emissions,Atmospheric Emissions,"Greenhouse gases and other atmospheric outputs associated with extraction, processing, fabrication, transport, use or end-of-use treatment.",Atmospheric outputs | Quantified and unresolved emissions relationships
sink_material_movement_service,Material Movement Service,Freight activity measured as tonne-kilometres. It represents movement service rather than a mass of material entering or leaving the system.,Freight movement | Measured in tonne-kilometres
