branch_id,anchor_node_id,anchor_node_label,trajectory_type,branch_label,branch_question,research_trajectory,branch_form,target_node_id,target_label,preferred_sector,display_order,enabled,user_notes
VR-ECF-01,virgin_resources,Virgin Resources,Ecological feedback,Condition governs access,"Can ecological health, regeneration rate or habitat condition reduce, pause or redirect resource use?",Design systems in which source ecologies participate in decisions about material availability.,feedback loop,,Source ecology,auto,1,yes,
VR-GOV-01,virgin_resources,Virgin Resources,Governance / stewardship,Stewardship before extraction,Can access rights be tied to long-term ecological care and shared responsibility?,"Explore collective custodianship, ecological representation and obligations attached to resource access.",governance condition,,Stewardship,auto,2,yes,
VR-SUC-01,virgin_resources,Virgin Resources,Ecological succession,Succession sets the pace,"Can forest, soil or habitat succession determine when material can be removed?",Shift material timing from market demand alone toward ecological renewal and succession.,succession sequence,,Ecological succession,auto,3,yes,
EX-REC-01,extraction,Extraction,Reciprocity,Removal creates obligation,What must be returned for what is taken?,Frame extraction as a reciprocal relationship that creates obligations to restore ecological capacity.,reciprocal exchange,,Restoration / reciprocity,auto,1,yes,
EX-ECF-01,extraction,Extraction,Ecological feedback,Disturbance can say stop,"Can water, soil and habitat conditions interrupt extraction in real time or over seasons?",Give ecological conditions agency within extraction decisions rather than measuring damage only afterwards.,feedback loop,,Ecological condition,auto,2,yes,
EX-GOV-01,extraction,Extraction,Governance / stewardship,Ecologies gain a voice,How can more-than-human conditions be represented in extraction decisions?,"Explore governance systems in which ecological indicators, communities and non-human interests can alter action.",governance condition,,Ecological representation,auto,3,yes,
MP-MUT-01,material_processing,Material Processing,Mutual exchange,By-products become relations,"Can heat, water and residues become safe inputs for neighbouring ecological or industrial systems?",Design processing as a network of accountable exchanges rather than a system that exports residuals.,mutual exchange,,Neighbouring systems,auto,1,yes,
MP-ECF-01,material_processing,Material Processing,Ecological feedback,Processing responds to ecology,"Can material transformation slow or change when water, energy or ecological thresholds are stressed?",Connect processing decisions to changing ecological capacity and resource conditions.,feedback loop,,Ecological thresholds,auto,2,yes,
MP-ADP-01,material_processing,Material Processing,Continued adaptation,Material history retained,"Can processing preserve origin, prior use and ecological context rather than erase them?","Explore material systems that retain provenance, variability and previous relationships as design information.",adaptive loop,,Material history,auto,3,yes,
FM-ADP-01,fabrication_manufacture,Fabrication / Manufacture,Continued adaptation,Remain unfinished,"Can artefacts continue to change with use, climate and ecological conditions rather than stabilise as finished objects?",Move from a final manufactured state toward artefacts that remain open to ongoing adaptation.,adaptive loop,,Changing conditions,auto,1,yes,
FM-ECF-01,fabrication_manufacture,Fabrication / Manufacture,Ecological feedback,Open the feedback loop,"Can ecological conditions participate alongside sensors, controllers and users in shaping material response?",Extend programmable matter and bio-design beyond closed control loops into open ecological relations.,feedback loop,,Ecological conditions,auto,2,yes,
FM-MUT-01,fabrication_manufacture,Fabrication / Manufacture,Mutual exchange,Design for exchange,"Can fabrication preserve pathways for water, heat, organisms and materials to move through the system?",Treat exchange with surrounding systems as a design property rather than an unwanted disturbance.,mutual exchange,,Surrounding systems,auto,3,yes,
FM-SUC-01,fabrication_manufacture,Fabrication / Manufacture,Ecological succession,Design for succession,"Can artefacts support phases of occupation, decay, habitat and replacement rather than a single final state?",Use ecological succession as a model for designing staged material change through time.,succession sequence,,Successive states,auto,4,yes,
DT-RED-01,distribution_transport,Distribution / Transport,Redistribution,Circulate locally,Can materials and components move between nearby users before new extraction is required?,"Explore local redistribution networks that retain form, function and embodied work.",cross-node connection,use_consumption,Local users / uses,auto,1,yes,
DT-ECF-01,distribution_transport,Distribution / Transport,Ecological feedback,Movement follows capacity,Can distribution respond to local ecological capacity rather than only demand and efficiency?,"Connect logistics to ecological thresholds, seasonal limits and place-specific conditions.",feedback loop,,Local ecological capacity,auto,2,yes,
DT-GOV-01,distribution_transport,Distribution / Transport,Governance / stewardship,Responsibility travels,Can ownership and accountability remain attached as materials move between places?,Explore governance that preserves responsibility across supply chains and changes of ownership.,governance condition,,Shared accountability,auto,3,yes,
UC-ADP-01,use_consumption,Use / Consumption,Continued adaptation,Use keeps redesigning,Can an artefact change with its users and environment rather than trigger replacement?,Treat use as an ongoing design phase in which material and form continue to evolve.,adaptive loop,,Users and environment,auto,1,yes,
UC-RED-01,use_consumption,Use / Consumption,Redistribution,Use becomes another use,"Can products and components move directly between users, functions and sites?",Develop systems that redistribute existing capacity before manufacturing replacements.,cross-node connection,limited_reuse,Other users / functions,auto,2,yes,
UC-ECF-01,use_consumption,Use / Consumption,Ecological feedback,Ecology informs operation,"Can ecological conditions alter how, when or whether a product operates?",Give surrounding ecologies an active role in operational decisions and material behaviour.,feedback loop,,Ecological condition,auto,3,yes,
UC-MUT-01,use_consumption,Use / Consumption,Mutual exchange,Use becomes exchange,Can occupation and use generate reciprocal benefits for surrounding ecologies?,"Explore artefacts and environments that participate in material, thermal, water or habitat exchange.",mutual exchange,,Surrounding ecology,auto,4,yes,
EOU-RET-01,end_of_use,End of Use,Ecological return,Return to soil or habitat,"Under what conditions can accumulated material safely become nutrient, soil, habitat or mineral return?",Design end-of-use pathways that redistribute material into ecological cycles without toxicity or overload.,return arc,virgin_resources,Source ecology / soil,auto,1,yes,
EOU-RED-01,end_of_use,End of Use,Redistribution,End becomes beginning elsewhere,"Can form, components and knowledge pass into another use before material breakdown?",Prioritise transfer of existing value before energy-intensive reprocessing.,cross-node connection,limited_reuse,Another use,auto,2,yes,
EOU-SUC-01,end_of_use,End of Use,Ecological succession,Decay becomes a phase,"Can decomposition, weathering and succession be designed as active stages rather than failure?",Use decay and succession as constructive processes within longer material life cycles.,succession sequence,,Decay / succession,auto,3,yes,
EOU-GOV-01,end_of_use,End of Use,Governance / stewardship,Responsibility persists,Who remains accountable for a material after ownership and use end?,Explore extended and shared stewardship beyond the administrative category of waste.,governance condition,,Continuing stewardship,auto,4,yes,
RU-RED-01,limited_reuse,Re Use,Redistribution,Cascade between uses,Can the same artefact or component move through several functions and users without material reprocessing?,"Design cascading use systems that retain form, assembly and embodied knowledge.",cross-node connection,use_consumption,Successive uses,auto,1,yes,
RU-ADP-01,limited_reuse,Re Use,Continued adaptation,Adapt before replace,"Can reuse include repair, reconfiguration and material responsiveness?",Treat reuse as active adaptation rather than simple repetition of the original use.,adaptive loop,,Repair / adaptation,auto,2,yes,
RU-MUT-01,limited_reuse,Re Use,Mutual exchange,Networks share capacity,Can local networks match unused materials with changing needs?,Explore collective systems that redistribute spare material and functional capacity.,mutual exchange,,Local reuse network,auto,3,yes,
RC-ADP-01,limited_recycling,Recycling,Continued adaptation,Preserve higher value,"Can recovery retain components, assemblies and function before reducing them to material feedstock?","Shift recovery toward the highest remaining level of material, component and functional value.",adaptive loop,,Components / assemblies,auto,1,yes,
RC-ECF-01,limited_recycling,Recycling,Ecological feedback,Recovery follows ecological cost,"Can recycling routes be chosen by energy, toxicity and ecological consequence rather than recovery rate alone?",Make ecological impact part of decisions about whether and how a material is reprocessed.,feedback loop,,Ecological cost,auto,2,yes,
RC-RET-01,limited_recycling,Recycling,Ecological return,Know when not to recycle,When is safe biological or mineral return more appropriate than repeated industrial processing?,Distinguish industrial circulation from beneficial ecological return.,return arc,virgin_resources,Ecological cycle,auto,3,yes,
RC-REC-01,limited_recycling,Recycling,Reciprocity,Recovery supports restoration,Can the recovery of extracted materials support restoration of source ecologies?,Link material recovery to obligations toward the places and systems from which resources originated.,reciprocal exchange,,Source ecology restoration,auto,4,yes,
