annotation_id,node_id,node_label,annotation_text,annotation_class,short_explanation,display_order,enabled,user_notes
VR-01,virgin_resources,Virgin Resources,Resource framed as stock,Control / closure,"Living, finite and renewable resources are grouped as available inputs, while the conditions that sustain or renew them remain outside the system boundary.",1,yes,
VR-02,virgin_resources,Virgin Resources,Ecological condition absent,Ecological disconnection,"Resource availability is represented without ecological health, regeneration rate or habitat condition directly governing whether extraction should occur.",2,yes,
VR-03,virgin_resources,Virgin Resources,Ownership precedes stewardship,Agency / governance,Rights to access and remove resources can be clearer than the responsibilities to maintain the ecology from which they originate.,3,yes,
EX-01,extraction,Extraction,Removal precedes reciprocity,Ecological disconnection,"Material is taken from an ecology, but the diagram does not yet require a reciprocal return of care, nutrients, habitat or regenerative capacity.",1,yes,
EX-02,extraction,Extraction,Disturbance externalised,Externalisation,"Land disturbance, habitat disruption, water effects and local pollution can occur outside the material quantity carried into the next stage.",2,yes,
EX-03,extraction,Extraction,Renewal times ignored,Temporal disconnection,"Industrial demand can operate faster than mineral formation, forest succession, soil development or ecological recovery.",3,yes,
MP-01,material_processing,Material Processing,Material history erased,Control / closure,"Processing standardises matter into predictable feedstocks, often removing traces of origin, prior use and ecological context.",1,yes,
MP-02,material_processing,Material Processing,Exchange narrowed to process control,Ecological disconnection,"Feedback may optimise temperature, chemistry or yield inside the process while wider exchanges with water, organisms, soils and habitats remain excluded.",2,yes,
MP-03,material_processing,Material Processing,By-products displaced,Externalisation,"Residues, heat, emissions and contaminated water can leave the useful material stream without becoming accountable relationships within the design system.",3,yes,
FM-01,fabrication_manufacture,Fabrication / Manufacture,Form imposed,Control / closure,A predefined form and performance state is imposed on matter so that variation is reduced and the product can be repeated.,1,yes,
FM-02,fabrication_manufacture,Fabrication / Manufacture,Discourse narrowed,Ecological disconnection,"A controller may exchange information with a responsive material, but wider exchanges with ecological systems are commonly removed from the feedback loop.",2,yes,
FM-03,fabrication_manufacture,Fabrication / Manufacture,Variation treated as error,Control / closure,Material variability and environmental change are often treated as deviations to correct rather than conditions through which the system might evolve.,3,yes,
FM-04,fabrication_manufacture,Fabrication / Manufacture,Future adaptation designed out,Temporal disconnection,"Products are commonly stabilised around a finished state, limiting their ability to continue changing with use, environment and ecological succession.",4,yes,
DT-01,distribution_transport,Distribution / Transport,Distance separates cause and effect,Externalisation,"The places of extraction, manufacture, use and disposal can be geographically separated, making ecological and social consequences difficult to perceive together.",1,yes,
DT-02,distribution_transport,Distribution / Transport,Place becomes interchangeable,Ecological disconnection,Standardised logistics can treat materials as equivalent units in motion while their local ecological origins and destination conditions disappear.,2,yes,
DT-03,distribution_transport,Distribution / Transport,Movement becomes a hidden dependency,Externalisation,"Transport energy, infrastructure and emissions support every stage but are often treated as secondary to the object being produced.",3,yes,
UC-01,use_consumption,Use / Consumption,Use becomes an endpoint,Control / closure,"The product is treated as finished when it enters use, even though users, environments and material conditions continue to change.",1,yes,
UC-02,use_consumption,Maintenance is secondary,Material-value loss,"Repair, care and adaptation are frequently less visible than replacement, allowing functional value to be discarded before material value is exhausted.",2,yes,
UC-03,use_consumption,Ecological feedback remains absent,Ecological disconnection,"Use may generate performance data, but the source ecology and wider resource cycles rarely influence how the product behaves or how long it remains in service.",3,yes,
UC-04,use_consumption,Ownership restricts redistribution,Agency / governance,"Products and components may remain idle or be discarded because systems for shared use, transfer and collective stewardship are weak.",4,yes,
EOU-01,end_of_use,End of Use,Life ends administratively,Temporal disconnection,"A product reaches End of Use through a human decision or waste category, rather than through the ecological completion of a life cycle.",1,yes,
EOU-02,end_of_use,End of Use,Value becomes waste,Material-value loss,"Once function or ownership ends, remaining form, components and material knowledge can be collapsed into a lower-value waste stream.",2,yes,
EOU-03,end_of_use,End of Use,Return to ecology is unmanaged,Ecological disconnection,"Manufactured materials rarely redistribute safely into soils, organisms and nutrient cycles in the way accumulated biological matter can after death.",3,yes,
EOU-04,end_of_use,End of Use,Responsibility fragments,Agency / governance,"Responsibility can pass between user, collector, exporter, recycler and disposal operator, obscuring who remains accountable for the material.",4,yes,
RU-01,limited_reuse,Re Use,Reuse is late and marginal,Material-value loss,"Reuse preserves more existing form and embodied work than recycling, but it usually appears only after the primary ownership and use system has ended.",1,yes,
RU-02,limited_reuse,Re Use,Redistribution depends on access,Agency / governance,"A reusable product or component only remains in circulation where systems exist to inspect, transfer, adapt and make it available to another user.",2,yes,
RU-03,limited_reuse,Re Use,Circulation is not ecological return,Ecological disconnection,"Keeping an object in human use can delay extraction and waste, but it does not by itself reconnect the material with the ecology from which it originated.",3,yes,
RC-01,limited_recycling,Recycling,"Material returns, not ecology",Ecological disconnection,Recycling usually returns matter to industrial processing rather than restoring it to the ecological source or cycle from which it was taken.,1,yes,
RC-02,limited_recycling,Recycling,Form and function are erased,Material-value loss,"Reprocessing often destroys the form, assembly and functional relationships already created, retaining material while losing higher levels of value.",2,yes,
RC-03,limited_recycling,Recycling,Reprocessing requires further inputs,Externalisation,"Collection, sorting, cleaning, transport and transformation require additional energy and can generate emissions, residues and material losses.",3,yes,
RC-04,limited_recycling,Recycling,Downcycling can appear circular,Material-value loss,A material may remain in circulation while moving into a lower-grade function that cannot replace the original material or product.,4,yes,
