ID ,Authors,Year,Title,Source,Pages,DOI,URL,Abstract,Reviewer,Date,"Does the digital system maintain explicit feedback or update relationships with the material system? 
0 = no meaningful discourse
1 = partial discourse
2 = strong discourse","Is the material system treated as bounded and controllable, or as evolving and ecologically entangled?
0 = defined artefact / output
1 = mixed
2 = exchange-oriented","Are the relationships between input, stimulus, and response predefined and stabilised, or expected to change over time?
0 = fixed and predefined
1 = partially adaptive
2 = expected to evolve / be renegotiated","Does the research focus on the designed artefact alone, or on its wider relations with context, landscape, or ecology?
0 = artefact only
1 = limited contextual relation
2 = wider contextual / ecological exchange","Does the system support return, decay, renewal, or replenishment, or does it primarily optimise a desired response?
0 = optimisation only
1 = partial renewal logic
2 = explicit return / renewal / replenishment",Confidence,Timeframe,Scale,Rationale,Paper Type / Primary Research Community
"Papadopoulou et al., 2017","Papadopoulou, A.; Laucks, J.; Tibbits, S.",2017,From self-assemblies to evolutionary structures,Architectural Design 87(4),pp.28–37, https://doi.org/10.1002/ad.2192,https://onlinelibrary.wiley.com/doi/abs/10.1002/ad.2192,"The Self‐Assembly Lab at Massachusetts Institute of Technology is at the forefront of the move towards evolutionary construction processes. Three of the Lab's members – doctoral researcher Athina Papadopoulou, co‐director Jared Laucks and co‐founder Skylar Tibbits – report on its recent experiments in macro‐scale fabrication that relies on the reactions of specially designed material components, both among themselves and with their environment.",Adam Blaney,17/06/2026,0,1,1,0,0,High,,,"Assembly behaviour is encoded in material units and activated by supplied energy without an ongoing digital feedback loop. Local interactions permit autonomous organisation, but the system remains bounded and does not include wider contextual exchange, material return, or ecological replenishment.",Programmable Matter / 4D Printing / Material Computation
"Raviv et al., 2014","Raviv, D.; Zhao, W.; McKnelly, C.; Papadopoulou, A.; Kadambi, A.; Shi, B.; Hirsch, S.; Dikovsky, D.; Zyracki, M.; Olguin, C.; Raskar, R.; Tibbits, S.",2014,Active printed materials for complex self-evolving deformations,Scientific Reports 4,pp.7422,,https://www.nature.com/articles/srep07422,"We propose a new design of complex self-evolving structures that vary over time due to environmental interaction. In conventional 3D printing systems, materials are meant to be stable rather than active and fabricated models are designed and printed as static objects. Here, we introduce a novel approach for simulating and fabricating self-evolving structures that transform into a predetermined shape, changing property and function after fabrication. The new locally coordinated bending primitives combine into a single system, allowing for a global deformation which can stretch, fold and bend given environmental stimulus.",Adam Blaney,17/06/2026,0,0,0,0,0,High,,,"Transformation is physically programmed during fabrication and triggered by water; no operational digital feedback loop updates the material. Target deformation and stimulus–response relations are predefined within the fabricated object, with no wider contextual or renewal mechanism.",Programmable Matter / 4D Printing / Material Computation
"Tibbits, 2014","Tibbits, S.",2014,Fluid Crystallization: Hierarchical Self-Organization,"FABRICATE 2014: Negotiating Design & Making. F. Gramazio, M. Kohler and S. Langenberg, UCL Press",pp.296–303,,https://www.jstor.org/content/pdf/oa_chapter_edited/j.ctt1tp3c5w.40?acceptTC=true&coverpage=false&addFooter=false,"New self-assembly technologies and programmable material possibilities are emerging across length-scales and disciplinary boundaries, offering shape-changing and intelligent biological, chemical, and material assemblies. This paper proposes the study of chemical interactions and material phase-change between crystalline solids, liquids and gases as a scalable approach for macro-scale assemblies of programmable materials. The Fluid Crystallisation project is highlighted as the first physical example of macro-scale self-organisation of non-deterministic and hierarchical structures. Offering a vision towards the future of fabrication and manufacturing, this project expands the palette of techniques outside of traditional additive or subtractive methodologies into fluid realms of programmable assembly and adaptive material behaviour.",Adam Blaney,17/06/2026,0,1,1,0,0,High,,,"Self-organisation emerges from material interactions under supplied energy, but no explicit digital feedback loop operates during assembly. The experiment is bounded; local interactions create variable configurations while ecological exchange and renewal are not addressed.",Programmable Matter / 4D Printing / Material Computation
"Cohen, Z et al, 2020","Cohen, Z., Elberfeld, N., Moorman, A., Laucks, J., Kernizan, S., Holmes, D. and Tibbits, S., 2020. ",2020,Superjammed: Tunable and morphable spanning structures through granular jamming.," Technology| Architecture+ Design, 4(2)", pp.211-220,https://doi.org/10.1080/24751448.2020.1804765,,"This paper introduces a method of post-tensioning granular jammed structures to achieve horizontal spans that can be tuned and morphed, as well as withstand significant vertical loads. The paper begins by discussing recent research into jammed structures. The methods section details the development of the fabrication system that led to post-tensioned, jammed—or “superjammed”—structures. The ability to structurally tune, geometrically morph, and instantly reverse superjammed structures is discussed. The performative possibilities of superjammed structures are demonstrated through the prototyping of large-scale spanning typologies. The results of abrasion testing on a superjammed structure are also briefly presented. The outlook section summarizes the benefits of superjammed structures and outlines further research into their limitations, including load capacity, scalability, and weather resistance.",Adam Blaney,17/06/2026,0,0,1,0,1,Medium,,,Granular jamming enables reversible changes in form and stiffness through controlled confinement. Reconfiguration occurs within a bounded material platform without ongoing digital sensing or contextual exchange; reversibility supports limited reuse but not ecological renewal.,Programmable Matter / 4D Printing / Material Computation
"MIT Self Assembly Lab, ","Zesk, W., Pearl, N., Abliadzhyieva, A., Chen, Y. A., Moustafa, F., Chhabra, T., Dong, A., Mahmoud, A., Su, S., Fadel, M. D., Kaiser, K., Chen, J., Kim, C., Song, A., Bilotti, J., Zilberman, N., Nelson, H., Maya Koneval, M., Lei, Y., Jusiega, V., Theriault-Shay, E. C., Wong, A., Teichner, N., Yao, O., Colar, S., Sparrman, B., Kernizan, S., Laucks, J., Tibbits, S., Amir, A., Maniku, I., Shiham, F., Maniku, M., Dole, S., Maniku, H.",2017 - 2025,Growing Islands,Self Assembly Lab Website,NA,,https://selfassemblylab.mit.edu/growingislands,"What if we could harness the power of the ocean to grow islands, rebuild beaches and protect coastal communities from sea level rise? 
MIT’s Self Assembly Lab and Invena, an organization based out of the Maldives, are working together to create a system of underwater structures that use wave energy to promote sand accumulation in strategic locations. Over time, the goal is that the self-organization of sand will grow into new islands or help rebuild coastlines, creating an adaptable solution to protect coastal communities from rising sea levels.",Adam Blaney,17/06/2026,0,1,1,1,2,Low,,,"Low-density structures operate in an open marine context where wave energy, sediment movement and vegetation contribute to continuing accretion and stabilisation. Digital feedback is not central, but contextual exchange, material accumulation and ecological renewal are explicit features of the system.",Regenerative Design
"Tibbits, S. 2021","Tibbits, S.",2021,Things Fall Together: A guide to the new materials revolution. [Chapter 6: Designing From The Bottom Up],Princeton University Press.,pp.81-89,,,"In this book, Tibbits proposes a future where artificial intelligence is not an end in itself but an embodied feature of the products that we make. It is a future that is more humane precisely because of the shared tactility and materiality of stuff. There is no doubt in my mind that the future of materials science lies in the development of the types of animate matter described in this book.” Mark Miodownik, author of Stuff Matters.",Adam Blaney,17/06/2026,0,0,1,1,0,Medium,,,"Material organisation is guided through designed unit interactions and energy conditions, with computational simulation supporting exploration rather than maintaining live feedback. Environmental deployment introduces contextual influence, while the core assembly relationships remain primarily designed in advance.",Programmable Matter / 4D Printing / Material Computation
"Blaney, A. et al. 2022","Blaney, A., Ozkan, D., Pelit, E., Braga, M.F., Hardy, J. and Ashton, M., 2022, October. 'Parametric Matter': Pushing’Updates into Materials and theImplications of Legacy and Lag.",2022,"Parametric Matter: ‘Pushing’ Updates into Materials
and the Implications of Legacy and Lag ","ACADIA 2022: Hybrids and Haecceities [Proceedings of the 42nd Annual Conference of the Association of Computer Aided Design in Architecture (ACADIA) ISBN 979-8-9860805-8-1]. University of Pennsylvania Stuart Weitzman School of Design. 27-29 October 2022. edited by M. Akbarzadeh, D. Aviv, H. Jamelle, and R. Stuart-Smith.",pp.208-203,10.52842/conf.acadia.2022.1.208,https://papers.cumincad.org/cgi-bin/works/paper/acadia22_208,"This paper discusses an ongoing interdisciplinary research project that develops a design and fabrication approach termed; tunable environments. This is an explorative approach, which enables updates from a digital parametric interface to be ‘pushed' into a 2D, 18 x 18 cm material sample, by modulating stimuli, so multiple properties can be updated/tuned at high resolutions. Our prototype explores how iterative updates can be achieved, which can be temporarily frozen in time. This opens up the idea of creating Parametric Matter/circular mate- rials, which could reduce waste that can be attributed to typical linear processes. Additionally, highly bespoke, ‘time-based’ structures could be achieved",Adam Blaney,17/06/2026,1,0,0,0,0,High,Repeated update cycles,2D material sample,"A digital interface repeatedly pushes parametric updates into a bounded magnetised-thermoplastic sample, but the material does not directly update the digital model. Lag and material legacy expose mismatches between predefined digital relationships and realised physical states.",Design / Architecture
"Blaney, A. 2021","Blaney, A. ",2021,Material Units - Uploading information into matter via stimuli and the challenges of determining feedback,"Stojakovic, V and Tepavcevic, B (eds.), Towards a new, configurable architecture - Proceedings of the 39th eCAADe Conference - Volume 2, University of Novi Sad, Novi Sad, Serbia, 8-10 September 2021, pp. ",pp. 431-442,https://doi.org/10.52842/conf.ecaade.2021.2.431,https://eprints.lancs.ac.uk/id/eprint/160690/1/ecaade2021_012.pdf,"Associative and generative design processes are capable of creating complex digital models, which can have their digital material properties (size, aesthetics, performance) infinitely adapted or radically transformed, relative to design demands, if they remain in their digital environments. Imagine, if physical materials and structures had these abilities, where design updates could be uploaded into a structure's physical material makeup at molecular resolutions. This could begin to enable a physical structure's matter to be reprogrammed so they can adapt across their length scales with high sensitivities and multi-material properties. To leverage these abilities, novel design and fabrication processes need to be developed, which enable interrelationships between design parameters, assembly mechanisms and material properties. This paper presents key findings and implications of two final prototypes, from a series, which developed a design and fabrication approach termed tuneable environments that enables interrelationships and design information to be uploaded into matter at granular resolutions.",Adam Blaney,17/06/2026,2,0,1,0,0,High,Growth / sensing cycle,Material unit → material system,"Sensed changes and controlled dosing support material growth, while electrical changes provide indirect feedback about accretion. Digital–material discourse is therefore strong within a bounded laboratory system, although input–response associations remain only partly adaptive.",Design / Architecture
"Ayres, 2012","Ayres, P. (ed.)",2012,Persistent Modelling: Extending the Role of Architectural Representation,"Routledge, 1st edition",204 pp.,,https://adk.elsevierpure.com/en/publications/persistent-modelling-extending-the-role-of-architectural-represen/,"The relationship between representation and the represented is examined through persistent modelling: continued active and iterative engagement, extended duration of representational influence, changing media and methods, and an expanded understanding of what is represented.",Adam Blaney,31/07/2026,1,1,1,0,0,Medium,"Design, construction and operational duration",Representation ↔ architectural artefact/system,"Representation and artefact remain in a continuing and iterative relation, so digital–physical discourse and changing relations are present but not fully continuous in one implemented material-feedback system. Ecological exchange, return and replenishment are not central to the modelling framework.",Design / Architecture
"Hamann et al., 2017","Hamann, H.; Divband Soorati, M.; Heinrich, M. K.; Hofstadler, D. N.; Kuksin, I.; Veenstra, F.; Wahby, M.; Nielsen, S. A.; Risi, S.; Skrzypczak, T.; Zahadat, P.; Wojtaszek, P.; Støy, K.; Schmickl, T.; Kernbach, S.; Ayres, P.",2017,Flora robotica — An Architectural System Combining Living Natural Plants and Distributed Robots,Proceedings of ECAL 2017: 14th European Conference on Artificial Life,16 pp.,10.48550/arXiv.1709.04291,https://arxiv.org/pdf/1709.04291,"Key to our project flora robotica is the idea of creating a bio-hybrid system of tightly coupled natural plants and distributed robots to grow architectural artifacts and spaces. Our motivation with this ground research project is to lay a principled foundation towards the design and implementation of living architectural systems that provide functionalities beyond those of orthodox building practice, such as selfrepair, material accumulation and self-organization. Plants and robots work together to create a living organism that is inhabited by human beings. User-defined design objectives help to steer the directional growth of the plants, but also the system’s interactions with its inhabitants determine locations where growth is prohibited or desired (e.g., partitions, windows, occupiable space). We report our plant species selection process and aspects of living architecture. A leitmotif of our project is the rich concept of braiding: braids are produced by robots from continuous material and serve as both scaffolds and initial architectural artifacts before plants take over and grow the desired architecture. We use light and hormones as attraction stimuli and far-red light as repelling stimulus to influence the plants. Applied sensors range from simple proximity sensing to detect the presence of plants to sophisticated sensing technology, such as electrophysiology and measurements of sap flow. We conclude by discussing our anticipated final demonstrator that integrates key features of flora robotica, such as the continuous growth process of architectural artifacts and self-repair of living architecture.",Adam Blaney,31/07/2026,2,1,1,1,1,High,Continuous growth / long life cycle,Plant physiology → robotic nodes → architectural system / inhabitants,"Distributed sensing and robotic stimuli create explicit ongoing feedback with living plants. Plant growth is adaptive and history-dependent, but it is steered towards defined architectural objectives inside a designed bio-hybrid system; wider contextual exchange and renewal are present only partially.",Artificial Life
"Ayres et al., 2019","Ayres, P.; Buchwald, E. F.; Gatz, S.; Bornaz, S.",2019,Living Weaves: Steps Towards the Persistent Modelling of Bio-Hybrid Architectural Systems,Impact: Design With All Senses — Design Modelling Symposium 2019,pp. 446–459,10.1007/978-3-030-29829-6_35,https://adk.elsevierpure.com/en/publications/living-weaves-steps-towards-the-persistent-modelling-of-bio-hybri/,Living Weaves proposes steering climbing-plant growth into an interlaced structural Kagome weave. Its feasibility is investigated through autonomous plant steering and analytical identification of structurally advantageous growth routes.,Adam Blaney,31/07/2026,2,1,1,0,1,Medium,Plant growth career / structural development,Plant filament → diagrid scaffold → structural weave,"Autonomous sensing and stimulus provision maintain strong feedback with growing plants. Living material development changes through time, while steering remains directed towards structurally advantageous growth routes; contextual relations beyond the bio-hybrid artefact are limited.",Bio-design
"Ayres, 2021","Ayres, P.",2021,"From Mimicry to Coupling: Some Differences, Challenges and Opportunities of Bio-Hybrid Architectures",Architectural Design 91(3),pp. 96–101,10.1002/ad.2698,https://onlinelibrary.wiley.com/doi/pdf/10.1002/ad.2698,"The article contrasts biological mimicry with direct coupling of living biological complexes and artificial elements. It identifies continual growth, adaptation, lifecycle feedback, changing architectural objectives, multispecies co-habitation, fungal computation, remediation and ecological succession as challenges and opportunities for bio-hybrid architecture.",Adam Blaney,31/07/2026,1,2,2,2,2,High,Full architectural and ecological life cycle,Biological complex → architecture → site / ecology,"The work is a conceptual synthesis rather than a single implemented digital-feedback loop, so explicit digital–material discourse is partial. Symbiotic coupling, continual lifecycle feedback, changing objectives, multispecies relations, remediation, succession and biodiversity are treated as core conditions of bio-hybrid architecture.",Bio-design
"Adamatzky et al., 2021","Adamatzky, A.; Gandia, A.; Ayres, P.; Wösten, H.; Tegelaar, M.",2021,Adaptive Fungal Architectures,"LINKs-series 5–6, article 10",pp. 66–77,,http://links-series.com/wp-content/revues/5-6-Proust/10-Adamatsky-Gandia-Ayresetal-Adaptive_fungal_architectures-LINKs_serie_5_6.pdf,"The paper outlines first steps towards a living and computational fungal architecture, drawing on mycelial sensing, long-distance communication, decision-making, biofabrication and fungal computing.",Adam Blaney,31/07/2026,1,1,1,1,1,Medium,"Living growth, sensing and changing material states",Hyphae / mycelial network → composite → architectural system,"Fungal networks are treated as living, sensing and potentially computational substrates, but the work presents early architectural implementation rather than a demonstrated closed-loop digital system. Ecological intelligence, growth and changing material states are acknowledged while the architectural objective remains substantially bounded.",Artificial Life
"Ayres et al., 2022","Ayres, P.; Rigobello, A.; You-Wen, J.; Colmo, C.; Young, J.; Sørensen, K.-J.",2022,Investigating a Design and Construction Approach for Fungal Architectures,Design Modelling Symposium 2022: Towards Radical Regeneration,pp. 571–583,10.1007/978-3-031-13249-0_45,https://adk.elsevierpure.com/en/publications/investigating-a-design-and-construction-approach-for-fungal-archi/,"The paper develops mycelium composites grown within stay-in-place Kagome-woven scaffolds. Speculative design generates testable hypotheses, empirical findings redirect the design inquiry and its digital tools, and reciprocal pathways are developed between material, tectonic and spatial exploration.",Adam Blaney,31/07/2026,1,1,1,0,1,Medium,Growth and iterative design-development phases,Mycelium composite → woven scaffold → building element,"Material findings recursively inform design development and digital tools, but no live operational feedback loop is demonstrated. Mycelial growth and reciprocal design iteration create partial adaptability and renewal, while the focus remains primarily on the architectural material and construction system.",Bio-design
"Ayres, P.","Ayres, P.",2012,"Microstructure, macrostructure and the steering of material proclivities", In Manufacturing the Bespoke: Making and Prototyping Architecture, pp. 220-237,,https://www.researchgate.net/publication/313772460_Microstructure_Macrostructure_and_the_Steering_of_Material_Proclivities,"Ayres investigates free internal-pressure forming of steel as a materially non-deterministic fabrication process. Hydroforming exposes complex interactions between microstructural and macrostructural levels that produce irreversible material and performance transformations that can be steered but not completely prescribed through geometry. Because inflation can be arrested and resumed, Ayres proposes extending forming beyond a discrete fabrication phase and develops the Persistent Model as a circular digital–physical relationship in which the physical artefact re-informs its representation through feedback over time.",Adam Blaney,27/08/2026,2,0,1,0,0,High,sequential forming / extended design–fabrication–use,atomic lattice → grain → component → aggregate → representation,"Persistent Model #1 links physical pressure and realised material behaviour back to the representation through error-regulated feedback. Material behaviour is nonlinear and history-dependent, but the implemented system remains bounded to the hydroformed assembly and does not include wider ecological exchange or renewal.",Design / Architecture
"Korhonen et al., 2018a","Korhonen, J.; Honkasalo, A.; Seppälä, J.",2018,Circular Economy: The Concept and its Limitations,Ecological Economics 143,pp. 37–46,10.1016/j.ecolecon.2017.06.041,https://doi.org/10.1016/j.ecolecon.2017.06.041,"A critical analysis of circular economy identifies limitations including thermodynamics and system boundaries, and argues that circular systems are embedded in complex social–ecological systems whose material flows exceed human-defined boundaries.",Adam Blaney,27/08/2026,0,2,1,2,2,High,Multiple production-consumption cycles / global sustainability,Product / industrial system → social–ecological system,"No digital feedback system is implemented. Circularity is analysed as a social–ecological systems problem in which thermodynamic limits, rebound effects and system boundaries complicate complete control; wider contextual relations, material return and renewal are therefore treated explicitly.",Circular Economy / Industrial Ecology
"Cullen, 2017","Cullen, J. M.",2017,Circular Economy: Theoretical Benchmark or Perpetual Motion Machine?,Journal of Industrial Ecology 21(3),pp. 483–486,10.1111/jiec.12599,https://doi.org/10.1111/jiec.12599,"A thermodynamic critique of perfect material closure that treats a fully circular economy as a theoretical benchmark rather than a physically achievable state, foregrounding material quality losses, energy requirements and dissipation.",Adam Blaney,27/08/2026,0,1,0,1,2,High,Repeated material cycles,Material / industrial economy,"No digital feedback system is implemented. Thermodynamic losses make perfect material closure impossible, so repeated circulation is treated as a constrained material-flow process rather than a fully closed loop; contextual relations are discussed at industrial-system scale rather than as adaptive ecological exchange.",Circular Economy / Industrial Ecology
"Korhonen et al., 2018b","Korhonen, J.; Nuur, C.; Feldmann, A.; Birkie, S. E.",2018,Circular economy as an essentially contested concept,Journal of Cleaner Production 175,pp. 544–552,10.1016/j.jclepro.2017.12.111,https://doi.org/10.1016/j.jclepro.2017.12.111,"The paper argues that circular-economy research has been concentrated on practical and technical material and energy flows, metrics, tools and computations, while underlying values, social structures, worldviews and paradigmatic questions remain comparatively underexplored.",Adam Blaney,27/08/2026,0,1,0,1,1,High,Production-consumption systems,Product / firm / economy → societal system,"No digital feedback system is implemented. Circular-economy relations are treated as socially and materially contested rather than fully stabilised, but the analysis remains centred on production-consumption systems; ecological exchange and renewal are present only partially.",Circular Economy / Industrial Ecology
"Reed, 2007","Reed, B.",2007,Shifting from ‘sustainability’ to regeneration,Building Research & Information 35(6),pp. 674–680,10.1080/09613210701475753,https://doi.org/10.1080/09613210701475753,"Reed critiques sustainability practice centred on efficiency and doing less environmental harm, proposing instead participation with living systems and a whole-systems understanding of ecological interrelationships grounded in place.",Adam Blaney,27/08/2026,0,2,1,2,2,High,Long-term place development / ecological renewal,Building / project → place / living system,"No digital feedback system is implemented. Regeneration is framed as long-term participation in living systems rather than efficiency optimisation, with projects expected to develop reciprocal relationships with place, support ecological renewal and adapt as conditions change.",Regenerative Design
"Cole, 2012","Cole, R. J.",2012,Transitioning from green to regenerative design,Building Research & Information 40(1),pp. 39–53,10.1080/09613218.2011.610608,https://doi.org/10.1080/09613218.2011.610608,"The paper contrasts reductive green-building approaches with regenerative design, which emphasises a co-evolutionary partnered relationship between humans and natural systems and explicitly acknowledges uncertainty in long-term design outcomes.",Adam Blaney,27/08/2026,0,2,2,2,2,High,Building life cycle / long-term co-evolution,Building → human-natural system / place,"No digital feedback system is implemented. Regenerative design is framed as a co-evolutionary partnership between human and natural systems, explicitly accepting uncertainty and changing relationships over the building life cycle while seeking net-positive ecological contribution.",Regenerative Design
"Benne & Mang, 2015","Benne, B.; Mang, P.",2015,Working regeneratively across scales—insights from nature applied to the built environment,Journal of Cleaner Production 109,pp. 42–52,10.1016/j.jclepro.2015.02.037,https://doi.org/10.1016/j.jclepro.2015.02.037,"Regenerative design is framed as a shift from mechanistic to ecological or living-systems thinking, with projects understood as socio-ecological systems nested across scales and capable of contributing to the vitality and renewal of larger systems.",Adam Blaney,27/08/2026,0,2,2,2,2,High,Nested temporal processes across project and place,Material / building / place / socio-ecological system,"No digital feedback system is implemented. Projects are framed as nested socio-ecological systems whose relationships operate across scales and change through time, with design directed towards the vitality, renewal and regenerative capacity of larger living systems.",Regenerative Design
"Beesley, 2022","Beesley, P.",2022,GROVE: Open Systems for Living Architecture,"Co-Corporeality of Humans, Machines, & Microbes",pp. 154–169,10.1515/9783035625882-015,https://www.researchgate.net/publication/361784605_GROVE_Open_Systems_for_Living_Architecture,"The chapter explicitly argues for buildings as open systems, critiques architectural and computational traditions that privilege rigid boundaries and stable forms, and develops living architecture through porous, dissipative and exchange-oriented relationships.",Adam Blaney,27/08/2026,1,2,2,2,1,High,Responsive occupation / environmental change,Component / building envelope → atmosphere / occupants / milieu,"Interactive and sensing systems provide partial digital–physical feedback, while the architecture is explicitly framed as porous and open to exchange with occupants, atmosphere and living processes. Relationships are expected to remain adaptive, although decay and material replenishment are less central than permeability and responsiveness.",Design / Architecture
"Groutars et al., 2024","Groutars, E. G.; Kim, R.; Karana, E.",2024,Designing Living Artefacts for Multispecies Interactions: An Ecological Approach,International Journal of Design 18(2),pp. 59–78,10.57698/v18i2.04,https://www.ijdesign.org/index.php/IJDesign/article/view/5438/1070,"The paper proposes an ecological approach to living artefacts based on multiplicity, connectivity and reciprocity among humans, living entities and computers, explicitly situating artefacts within wider multispecies interaction webs rather than as isolated human-centred systems.",Adam Blaney,27/08/2026,1,2,2,2,1,High,Living artefact life / multispecies interaction,Living artefact → multispecies web / ecosystem,"Digital mediation is present but not the sole organising mechanism. Living artefacts are situated within multispecies interaction webs where connectivity, reciprocity and changing relations are expected; ecological context is explicit, while material return and replenishment are addressed only partially.",Multispecies
"Lin et al., 2025","Lin, Y.; Xu, L.; Yang, W.; Tian, L.; Chan, M.",2025,A Systematic Review on the Research and Development of Adaptive Buildings,Buildings 15(10),Article 1593,10.3390/buildings15101593,https://www.mdpi.com/2075-5309/15/10/1593,"A systematic review of adaptive buildings that characterises adaptive behaviour through sensing, analysis and response, with intelligent control used to adjust envelopes and mechanical systems to changing indoor and outdoor conditions for energy and comfort performance.",Adam Blaney,27/08/2026,2,0,0,1,0,High,Real-time building operation,Envelope / mechanical system → building performance / occupants,"Adaptive-building systems commonly use sensing, control and actuation to maintain explicit digital–physical feedback. The dominant objective is regulation of defined building-performance variables within bounded systems; environmental context is considered operationally, while ecological exchange and renewal are largely absent.",Engineering / Materials Science
"Kręt-Grześkowiak & Baborska-Narożny, 2023","Kręt-Grześkowiak, A.; Baborska-Narożny, M.",2023,Guidelines for disassembly and adaptation in architectural design compared to circular economy goals—A literature review,Sustainable Production and Consumption 39,pp. 1–12,10.1016/j.spc.2023.04.020,https://doi.org/10.1016/j.spc.2023.04.020,"A review of architectural Design for Disassembly and Design for Adaptability against circular-economy goals, showing that many guidelines only provide environmental benefits under particular contextual assumptions and that circularity assessment can produce divergent conclusions.",Adam Blaney,27/08/2026,0,1,0,1,1,High,Building life cycle / reuse and recovery,Building component → building life cycle / recovery system,"No digital feedback system is implemented. Design for adaptability and disassembly extends component and building lifecycles and enables reuse or recovery, but relationships remain predominantly predefined around building systems rather than evolving through wider ecological exchange.",Circular Economy / Built Environment
"Wang, L. et al","Wang, L.; Evenchik, A. L.; Yang, J. M.; Truby, R. L.; Chen, W.",2025,Autonomous codesign and fabrication of multistimuli-responsive material systems,"Science Advances, 11(37)",pp. 1-15,10.1126/sciadv.adx4409,https://www.science.org/doi/10.1126/sciadv.adx4409,"The paper introduces an autonomous inverse-design framework that simultaneously optimises structure, materials, manufacturing and stimuli. Multimaterial liquid-crystal-elastomer structures are fabricated to morph into different target forms under heat and light, demonstrating computational design of genuinely multistimuli-responsive material systems.",Adam Blaney,27/08/2026,0,0,0,0,0,High,Repeated heat/light morphing cycles,Material distribution → network/structure → morphing system,"The computational framework co-designs structure, material distribution, manufacturing and stimuli to achieve specified morphing outcomes under heat and light. Digital computation is intensive during design, but the fabricated system does not maintain an operational feedback loop; stimulus–response relationships remain optimised and predefined.",Programmable Matter / 4D Printing / Material Computation
Correa et al. ,"Correa, D.; Papadopoulou, A.; Guberan, C.; Jhaveri, N.; Reichert, S.; Menges, A.; Tibbits, S.",2015,3D-Printed Wood: Programming Hygroscopic Material Transformations,"3D Printing and Additive Manufacturing, 2(3)",pp. 106–116,10.1089/3dp.2015.0022,https://journals.sagepub.com/doi/10.1089/3dp.2015.0022,"The paper physically programmes anisotropic hygroscopic behaviour through differentiated and multimaterial 3D printing, allowing synthetic wood structures to sense environmental moisture and self-transform without an active digital controller after fabrication. The material–stimulus relationship is encoded through printed material organisation and produces tunable but predetermined transformations.",Adam Blaney,27/08/2026,0,0,0,1,0,High,Repeated hygroscopic transformation cycles,Printed fibre/material composition → specimen/element,"Digital fabrication programs hygroscopic transformation into anisotropic multimaterial structures, after which environmental moisture triggers the response autonomously. No operational digital feedback loop updates the material; the humidity–transformation relationship remains deliberately encoded, with limited environmental context and no renewal cycle.",Programmable Matter / 4D Printing / Material Computation
"Menges, A.; Reichert, S.","Menges, A.; Reichert, S.",2015,Performative Wood: Physically Programming the Responsive Architecture of the HygroScope and HygroSkin Projects,"Architectural Design, 85(5)",pp. 66–73,10.1002/ad.1956,https://onlinelibrary.wiley.com/doi/10.1002/ad.1956,"HygroScope and HygroSkin exploit the moisture sensitivity of wood so that individual elements combine sensing, actuation and response without motors, electronics or external operational energy. Ambient humidity therefore directly activates architectural change through materially embedded behaviour.",Adam Blaney,27/08/2026,0,0,0,1,0,High,Daily/seasonal humidity-responsive operation,Wood element → aperture → architectural skin/environment,"Computational design configures moisture-responsive wood elements that subsequently sense and actuate through their intrinsic material behaviour. Operational digital feedback is absent; the environmental humidity relationship is direct but predefined, and ecological exchange is limited to passive use of ambient energy and moisture.",Programmable Matter / 4D Printing / Material Computation
"Doursat et al., 2012","Doursat, R.; Sayama, H.; Michel, O.",2012,Morphogenetic Engineering: Reconciling Self-Organization and Architecture,Morphogenetic Engineering: Toward Programmable Complex Systems (Springer),pp. 1–24,10.1007/978-3-642-33902-8_1,https://link.springer.com/chapter/10.1007/978-3-642-33902-8_1,"Morphogenetic engineering frames programmable complex systems as an attempt to reconcile architectural organisation with decentralised self-organisation. Biological morphogenesis provides models for systems that construct, adapt and repair themselves through local interactions while maintaining coherent global form.",Adam Blaney,27/08/2026,0,1,2,0,1,High,Developmental / evolutionary system formation,Local agents or cells → global morphology,"The contribution is computational and conceptual rather than a demonstrated digital–material feedback loop. Local interactions are expected to reorganise and evolve, giving strong relational adaptability, while the systems remain primarily artificial and only partially address renewal through self-repair rather than ecological exchange.",Artificial Life
"Ozkan et al., 2022","Ozkan, D.; Morrow, R.; Zhang, M.; Dade-Robertson, M.",2022,Are Mushrooms Parametric?,"Biomimetics, 7(2)",Article 60,10.3390/biomimetics7020060,https://www.mdpi.com/2313-7673/7/2/60,"Fungi are used as a biomaterial probe to test whether living systems can be approached through parametric design thinking. Experiments examine how environmental variables relate to fungal growth, plasticity, linearity and non-linearity, and whether biological development can be tuned through growth conditions.",Adam Blaney,27/08/2026,0,1,2,1,1,High,Biological growth and developmental cycles,Environmental parameters → fungal morphology → material system,"No operational digital feedback loop is implemented. Living growth is sensitive, plastic and non-linear, so input–response associations are not fully stabilised; environmental context influences development, while wider ecological exchange and explicit replenishment remain limited.",Bio-design
"Scott, 2018","Scott, J.",2018,Responsive Knit: the Evolution of a Programmable Material System,DRS International Conference 2018: Design as a Catalyst for Change,pp. 1800–1811,10.21606/drs.2018.566,https://dl.designresearchsociety.org/drs-conference-papers/drs2018/researchpapers/117/,"Programmable knitting is developed as a humidity-responsive material system in which fibre, yarn and fabric hierarchies are engineered to produce shape change. Biomimetic principles from hygromorphic plant actuation are translated into textile structures that respond directly to environmental moisture without electronic control.",Adam Blaney,27/08/2026,0,0,0,1,0,High,Repeated humidity-response cycles,Fibre → yarn → textile surface → responsive environment,"The material response is computationally designed but operates without an ongoing digital feedback loop. Humidity directly triggers a physically programmed deformation, so the relation is predefined; environmental context is operationally relevant, but ecological exchange and renewal are not part of the system.",Programmable Matter / 4D Printing / Material Computation
"Scott et al., 2022","Scott, J.; Kaiser, R.; Ozkan, D.; Hoenerloh, A.; Agraviador, A.; Vanden Elsacker, E.; Bridgens, B.",2022,Knitted cultivation: Textiling a multi-kingdom bio architecture,Structures and Architecture: A Viable Urban Perspective?,pp. 1–8,10.1201/9781003023555-1,https://researchportal.vub.be/en/publications/knitted-cultivation-textiling-a-multi-kingdom-bio-architecture/,"BioKnit combines knitted fabric, mycelium and bacterial cellulose in a free-standing architectural prototype. A Living Textiles strategy links biological experimentation, parametric modelling and knit programming so permanent textile formwork can act simultaneously as mould, scaffold and interface for biomaterial growth.",Adam Blaney,27/08/2026,1,1,1,0,1,High,Fabrication and biological growth phases,Knitted scaffold → mycelial/bacterial growth → architectural prototype,"Parametric modelling and knit programming shape the physical conditions for biological growth, but live material behaviour does not directly update the digital model. Growth introduces partial adaptability and renewal within a bounded biohybrid artefact; wider ecological exchange is not central.",Bio-design
"Scott et al., 2024","Scott, J.; Agraviador, A.; Bridgens, B.; Kaiser, R.; Perry, O.; Ozkan, D.",2024,BioKnit Arch: Precision Knit Mycelium BioFabrication,"ACADIA 2024: Designing Change, Vol. 1",pp. 419–429,,https://researchportal.northumbria.ac.uk/en/publications/bioknit-arch-precision-knit-mycelium-biofabrication/,Mycelium biofabrication is integrated with parametric modelling and 3D knitting to create lightweight architectural components using permanent knitted formwork and mycocrete. The workflow exploits textile shaping and biological growth to move beyond rigid moulds and repeatable units toward complex large-scale biofabrication.,Adam Blaney,27/08/2026,1,1,1,0,1,High,Design–fabrication–growth sequence,Parametric model → knitted formwork → mycelium composite → architectural component,"Digital modelling and knitting define a growth scaffold and fabrication workflow, producing partial digital–material discourse without a live feedback loop. Biological growth adds material variability and renewal, but the process remains focused on a designed architectural component rather than wider ecological exchange.",Bio-design
"Smith et al., 2020","Smith, R. S. H.; Bader, C.; Sharma, S.; Kolb, D.; Tang, T.-C.; Hosny, A.; Moser, F.; Weaver, J. C.; Voigt, C. A.; Oxman, N.",2020,Hybrid Living Materials: Digital Design and Fabrication of 3D Multimaterial Structures with Programmable Biohybrid Surfaces,"Advanced Functional Materials, 30(7)",Article 1907401,10.1002/adfm.201907401,https://advanced.onlinelibrary.wiley.com/doi/10.1002/adfm.201907401,"A hybrid living-material platform combines computational design, multimaterial additive manufacturing and synthetic biology. Spatially programmed chemical signals in printed structures control the localisation and behaviour of engineered bacteria, enabling fabricated objects with programmable biohybrid surface activity.",Adam Blaney,27/08/2026,1,1,1,0,1,High,Fabrication followed by living surface activity,Digital model → multimaterial structure → engineered cells / biohybrid surface,"Digital fabrication programs spatial and chemical conditions that guide living cells, but operational material behaviour does not continuously update the digital representation. Biological activity introduces partial adaptability within a bounded fabricated object; wider ecological exchange and replenishment are limited.",Bio-design
"Dade-Robertson, 2022","Dade-Robertson, M.",2022,Can we grow a building and why would we want to?,"Research Directions: Biotechnology Design, 1","e1, pp. 1–2",10.1017/btd.2022.2,https://www.cambridge.org/core/journals/research-directions-biotechnology-design/article/can-we-grow-a-building-and-why-would-we-want-to/FB2200622B397C05898A30C14A9D1B7B,"Biotechnologies are considered as routes to grow construction materials and potentially self-assemble complex structures through biological processes. The discussion connects engineered living materials, microbial mineralisation and mycelium to broader questions about how living fabrication could change construction.",Adam Blaney,27/08/2026,0,1,1,1,1,Medium,Material growth and building development,Living cell/material → building component → construction system,"The contribution is conceptual rather than an implemented digital-feedback system. Living growth and self-assembly introduce adaptive material agency and limited renewal, while wider contextual and ecological implications are recognised but not resolved in one operational system.",Bio-design
"Dade-Robertson et al., 2023","Dade-Robertson, M.; Levin, M.; Davies, J.",2023,How do we design with materials that have their own agency?,"Research Directions: Biotechnology Design, 1","e7, pp. 1–2",10.1017/btd.2023.1,https://www.cambridge.org/core/journals/research-directions-biotechnology-design/article/how-do-we-design-with-materials-that-have-their-own-agency/844A20F52F0DA5B23686A2A154257733,"Living cells are framed as constructional matter whose agency differs fundamentally from inert or conventionally stimuli-responsive materials. The question redirects design from controlling passive substrates toward working with systems that possess their own goals, behaviours and capacities for adaptation.",Adam Blaney,27/08/2026,0,1,2,1,1,Medium,Living development and adaptation,Cellular agency → material system → designed artefact,"No implemented digital feedback loop is presented. Agency is treated as intrinsic to living matter, so relationships between intervention and response are expected to remain negotiable and adaptive; ecological context and renewal are acknowledged but not operationalised as full exchange systems.",Bio-design
"Dade-Robertson et al., 2024","Dade-Robertson, M.; Arnardottir, T.; Lee, S.; Loh, J.; Gilmour, K.; Zhang, M.",2024,Living Manufacture,FABRICATE 2024: Creating Resourceful Futures,pp. 56–63,10.2307/jj.11374766.11,https://www.jstor.org/stable/jj.11374766.11,"Living Manufacture develops an Engineered Living Fabrication system that combines biological growth with digital fabrication to make functionally graded materials and objects. The approach integrates wetware, hardware and software, using controlled biopolymer production and digital manufacturing infrastructure as parts of one fabrication system.",Adam Blaney,27/08/2026,1,1,1,1,1,High,Biological production and fabrication cycles,Genetic/cellular process → bioreactor → digital fabrication → material object,"Digital infrastructure and controlled biological production are deliberately integrated, creating partial digital–living-material discourse. Growth makes material formation adaptive, but the fabrication environment remains substantially controlled; ecological exchange and replenishment beyond production are only partial.",Bio-design
"Arnardottir et al., 2020","Arnardottir, T. H.; Dade-Robertson, M.; Mitrani, H.; Zhang, M.; Christgen, B.",2020,Turbulent Casting: Bacterial Expression in Mineralized Structures,"ACADIA 2020: Distributed Proximities, Vol. 1",pp. 300–309,10.52842/conf.acadia.2020.1.300,https://researchportal.northumbria.ac.uk/en/publications/turbulent-casting-bacterial-expression-in-mineralized-structures,"Bacterially induced biomineralisation is explored as a construction process in which living bacteria act as co-designers. Experiments use turbulent material conditions to produce mineralised structures whose form emerges from biological activity, fluid dynamics and casting rather than from a rigidly imposed mould geometry.",Adam Blaney,27/08/2026,0,1,2,0,1,High,Biomineralisation / casting process,Bacteria + fluid/material conditions → mineral deposition → structure,"No live digital feedback loop is demonstrated. Material formation depends on living bacterial activity and turbulent conditions, so form is not completely predefined; the system remains laboratory-bounded, with biological growth providing partial renewal rather than wider ecological exchange.",Bio-design
"Arnardottir, 2023","Arnardottir, T.",2023,Bacterial Sculpting: Customising Biofabrication Techniques for Biomineralisation,Bioprotopia: Designing the Built Environment with Living Organisms,pp. 150–155,10.1515/9783035625806-015,https://researchportal.northumbria.ac.uk/en/publications/31-bacterial-sculpting-customising-biofabrication-techniques-for-/,"Bacterial Sculpting investigates biomineralisation as a processual fabrication strategy in which microbial activity contributes directly to material formation. Rather than treating living matter as a passive casting medium, the approach customises conditions so biological processes participate in shaping mineralised outcomes.",Adam Blaney,27/08/2026,0,1,2,0,1,Medium,Microbial growth and mineralisation,Microbe → mineral deposition → fabricated material,"No operational digital feedback loop is central to the work. Microbial agency makes material outcomes process-dependent and partly emergent, but the experiments remain bounded to fabrication; renewal is present through biological production rather than through wider ecological cycles.",Bio-design
"Toffoli & Margolus, 1991","Toffoli, T.; Margolus, N.",1991,Programmable matter: Concepts and realization,"Physica D: Nonlinear Phenomena, 47(1–2)",pp. 263–272,10.1016/0167-2789(91)90296-L,https://www.sciencedirect.com/science/article/pii/016727899190296L,"Programmable matter is introduced as a computational concept in which physical substance is composed of locally programmable units capable of implementing general behaviours. The article functions as a manifesto, tutorial and call for experiments connecting computation and physical matter.",Adam Blaney,27/08/2026,0,0,0,0,0,High,Conceptual / computational operation,Computational unit → programmable material aggregate,"The contribution defines a computational paradigm rather than an implemented digital–material feedback system. Behaviour is conceived as programmable within an artificial material substrate; ecological exchange, evolving relational definitions and material renewal are outside its scope.",Computer Science
"Gilpin et al., 2010","Gilpin, K.; Knaian, A.; Rus, D.",2010,Robot Pebbles: One Centimeter Modules for Programmable Matter through Self-Disassembly,2010 IEEE International Conference on Robotics and Automation (ICRA),pp. 2485–2492,10.1109/ROBOT.2010.5509817,https://www.researchgate.net/publication/224156287_Robot_Pebbles_One_Centimeter_Modules_for_Programmable_Matter_through_Self-Disassembly,"A programmable-matter system is built from autonomous one-centimetre modules that bond, communicate and share power using electropermanent magnets. Distributed data and local coordination allow an initial block of modules to create two-dimensional target shapes by selectively detaching unnecessary units.",Adam Blaney,27/08/2026,2,0,0,0,1,High,Distributed computation and reconfiguration cycle,Autonomous module → communicating aggregate → target shape,"Embedded communication and distributed computation maintain strong information exchange among physical material modules. Shape formation is nevertheless directed towards predefined targets in a bounded robotic system; detachable modules support reuse, but wider ecological exchange and replenishment are absent.",Programmable Matter / 4D Printing / Material Computation
"Hiller & Lipson, 2009","Hiller, J.; Lipson, H.",2009,Design and analysis of digital materials for physical 3D voxel printing,"Rapid Prototyping Journal, 15(2)",pp. 137–149,10.1108/13552540910943441,https://www.emerald.com/rpj/article-abstract/15/2/137/373129/Design-and-analysis-of-digital-materials-for,Physical voxels are proposed as discrete material building blocks for a massively parallel additive-manufacturing process in which matter is digital. Material behaviour and manufacturability are analysed through assemblies of pre-existing units rather than continuous deposition.,Adam Blaney,27/08/2026,0,0,0,0,0,High,Fabrication / assembly sequence,Voxel → lattice → fabricated object,"Digital representation and physical discretisation are closely aligned, but no operational feedback loop updates the digital model from material behaviour. Material properties and connectivity are designed within a bounded fabrication system, without contextual exchange or renewal mechanisms.",Programmable Matter / 4D Printing / Material Computation
"MacCurdy et al., 2014","MacCurdy, R.; McNicoll, A.; Lipson, H.",2014,Bitblox: Printable digital materials for electromechanical machines,"The International Journal of Robotics Research, 33(10)",pp. 1342–1360,10.1177/0278364914532149,https://journals.sagepub.com/doi/10.1177/0278364914532149,"Bitblox are modular interconnecting blocks that embed electromechanical connectivity and function. The unique combination and spatial arrangement of blocks determine the mechanical and electrical properties of an assembly, allowing electromechanical machines to be constructed from discrete material units.",Adam Blaney,27/08/2026,1,0,0,0,0,High,Assembly and electromechanical operation,Functional block → assembly → electromechanical machine,"Physical modules contain computational/electromechanical functionality, giving partial digital–material discourse, but assembly relationships are predefined and the system remains bounded. No wider contextual exchange, evolving relationship logic, or material replenishment is implemented.",Programmable Matter / 4D Printing / Material Computation
"Hilbertz, 1979","Hilbertz, W. H.",1979,Electrodeposition of Minerals in Sea Water: Experiments and Applications,"IEEE Journal of Oceanic Engineering, 4(3)",pp. 94–113,10.1109/JOE.1979.1145428,https://www.globalcoral.org/electrodeposition-of-minerals-in-sea-water-experiments-and-applications/,"Direct electrical current between electrodes in seawater precipitates calcium carbonate and magnesium hydroxide onto cathodes. Experiments demonstrate mineral accretion as a building process for marine structures and artificial reefs, using dissolved seawater constituents as the material source.",Adam Blaney,27/08/2026,1,2,1,2,2,High,Continuous mineral accretion over extended deployment,Electrode → mineral accretion → marine structure / habitat,"Electrical input directly regulates physical mineral growth, but no sensing-based digital feedback loop is demonstrated. Material formation depends on open seawater chemistry and continues through environmental resource flows; marine-habitat applications create explicit contextual exchange and replenishment.",Regenerative Design
"Swackhamer et al., 2022","Swackhamer, M.; Satterfield, B.; Buma, B.; Rhodes, H.; et al.",2022,Nurse Pod - A Critical Examination of the Role of Decay in Architecture,ACADIA 2022: Hybrids and Haecceities [Projects Catalog],pp. 112–117,10.52842/conf.acadia.2022.2.112,https://papers.cumincad.org/cgi-bin/works/paper/acadia22pr_112,"Nurse Pod applies design and digital fabrication to sacrificial structures that support tree seedlings during forest recovery. Inspired by nurse logs, biodegradable vessels protect and nurture young trees, then decay so their material contributes to the developing ecological system.",Adam Blaney,27/08/2026,0,2,2,2,2,High,Seedling establishment → scaffold decay → forest recovery,Fabricated pod → tree seedling → forest succession,"Digital design is used in fabrication rather than as a live feedback system. The architecture is intentionally temporary and embedded in forest recovery; material decay, changing ecological roles, succession and nutrient return are explicit parts of the design logic.",Regenerative Design
"Satterfield & Swackhamer, 2021","Satterfield, B.; Swackhamer, M.",2021,"Material Custodies: Embracing Loss, Failure, and Death as Opportunities in Wood Construction","Journal of Architectural Education, 75(1)",pp. 121–128,10.1080/10464883.2021.1859896,https://www.tandfonline.com/doi/full/10.1080/10464883.2021.1859896,"Wood construction is reframed as a temporary custody within a larger material and ecological lifecycle. Architectural use is treated as a fleeting sequestration between prior and future states, allowing loss, failure, decomposition and return to become design conditions rather than endpoints.",Adam Blaney,27/08/2026,0,2,2,2,2,High,Material life cycle from growth through use and return,Wood resource → architecture → decay / future ecosystem,"No digital feedback loop is implemented. Material relationships are explicitly lifecycle-based and expected to change through use, failure and decay; architecture is situated within ecological material flows and return to future resources is central.",Regenerative Design
"O'Donoghue et al., 2024","O’Donoghue, T.; Minasny, B.; McBratney, A.",2024,Digital Regenerative Agriculture,"npj Sustainable Agriculture, 2",Article 5,10.1038/s44264-024-00012-6,https://www.nature.com/articles/s44264-024-00012-6,"Precision, digital and smart-agriculture tools are reframed from productivity and efficiency objectives towards ecological renewal. The perspective considers how sensing, spatial data and digital assessment can quantify and guide regenerative contributions made by farmscapes.",Adam Blaney,27/08/2026,1,2,2,2,2,High,Seasonal to multi-year agricultural and soil cycles,Soil / field sensing → farm management → farmscape / ecosystem,"Digital tools provide monitoring and decision support, creating partial feedback with physical agricultural systems rather than a single automated control loop. Regenerative management depends on changing ecological conditions and explicitly targets soil, landscape and ecosystem renewal.",Agriculture / Agroecology
"Liu et al., 2025","Liu, Z.; Li, M.; Ji, W.",2025,Development and application of a digital twin model for Net zero energy building operation and maintenance utilizing BIM-IoT integration,"Energy and Buildings, 328",Article 115170,10.1016/j.enbuild.2024.115170,https://www.sciencedirect.com/science/article/pii/S0378778824012866,"A BIM-IoT digital twin integrates operational building data through collection, model construction, simulation, validation and automated feedback control. The system is designed to improve operation and maintenance efficiency for net-zero-energy buildings through continuous sensing and digital representation.",Adam Blaney,27/08/2026,2,0,1,1,0,High,Real-time building operation and maintenance,Sensor / equipment → BIM-IoT twin → building-control system,"Continuous sensing and automated feedback establish strong digital–physical discourse. The twin remains focused on a defined building and performance objectives; models can update with operational data, but control relationships and optimisation goals are substantially predefined and ecological renewal is outside scope.",Digital Twins / Cyber-Physical Systems
"Oxman & Rosenberg, 2007","Oxman, N.; Rosenberg, J. L.",2007,Material-based Design Computation: An Inquiry into Digital Simulation of Physical Material Properties as Design Generators,"International Journal of Architectural Computing, 5(1)",,10.1260/147807707780912985,https://journals.sagepub.com/doi/10.1260/147807707780912985,Physical material properties are translated into geometrical functions so elastic membrane behaviour can become a form-generating design input. A Processing-based digital tool simulates material behaviour and predicts deformation under specified environmental conditions.,Adam Blaney,27/08/2026,0,0,0,0,0,High,Design simulation and fabrication sequence,Material property → digital simulation → geometric form,"Material behaviour informs computation, but the physical artefact does not maintain an operational feedback relationship with the digital representation. Simulation assumes defined material and environmental conditions; wider context, evolving relations and renewal are not addressed.",Programmable Matter / 4D Printing / Material Computation
"Oxman, 2010","Oxman, N.",2010,Structuring Materiality: Design Fabrication of Heterogeneous Materials,"Architectural Design, 80(4)",pp. 78–85,10.1002/ad.1110,https://onlinelibrary.wiley.com/doi/10.1002/ad.1110,"Variable Property Design treats materiality as a generative design driver by modelling, simulating and fabricating assemblies with spatially varying properties. Material distributions are configured to respond to multiple and continuously shifting functional constraints through heterogeneous fabrication.",Adam Blaney,27/08/2026,0,0,1,0,0,High,Design optimisation and fabrication,Functional constraints → variable property model → heterogeneous material,"Digital computation varies material properties in response to multiple design constraints, but the fabricated material does not update the digital model during operation. Constraint relationships can change during design, while the final material system remains bounded and does not include ecological exchange or renewal.",Programmable Matter / 4D Printing / Material Computation
"Oxman et al., 2014","Oxman, N.; Laucks, J.; Kayser, M.; Duro-Royo, J.; Gonzalez Uribe, C. D.",2014,Silk Pavilion: A Case Study in Fiber-based Digital Fabrication,FABRICATE 2014,pp. 248–255,,https://www.media.mit.edu/publications/silk-pavilion-a-case-study-in-fiber-based-digital-fabrication/,"The Silk Pavilion combines computational fibre placement with biological fabrication by silkworms. Algorithmic thread-density gradients respond to environmental constraints, while thousands of silkworms deposit secondary fibres across a CNC-fabricated scaffold, linking digital geometry, material behaviour and biological production.",Adam Blaney,27/08/2026,1,1,1,1,1,High,Digital scaffold fabrication followed by biological deposition,Environmental constraints → computational scaffold → silkworm deposition → pavilion,"Digital design establishes a scaffold and environmental conditions that influence biological fabrication, creating partial digital–biological discourse without continuous feedback from the living process to the model. Biological agency and environmental factors affect material formation, but the system remains a designed pavilion rather than a wider ecological exchange network.",Bio-design
"Crawford et al., 2022","Crawford, A.; In-na, P.; Caldwell, G.; Armstrong, R.; Bridgens, B.",2022,Clay 3D printing as a bio-design research tool: development of photosynthetic living building components,"Architectural Science Review, 65(3)",pp. 185–195,10.1080/00038628.2022.2058908,Clay additive manufacturing is used to develop living building components that support photosynthetic microalgae. Digital fabrication controls geometry and material porosity while biological experiments assess how the resulting ceramic substrates can maintain living photosynthetic activity.,Adam Blaney,46261,00/01/1900,1,1,1,1,0,High,Fabrication followed by sustained biological activity,Digital geometry → clay substrate → microalgae / photosynthetic component,"Digital fabrication shapes the habitat but no live digital feedback loop responds to organism behaviour. Biological performance depends on substrate and environmental conditions, giving partial adaptability and contextual relation; living activity provides limited renewal without a broader ecological material cycle.",Bio-design
"Ilgun et al., 2021","Ilgun, A.; Angelov, K.; Stefanec, M.; Schönwetter-Fuchs, S.; et al.",2021,Bio-Hybrid Systems for Ecosystem Level Effects,Proceedings of the 2021 Conference on Artificial Life,,10.1162/isal_a_00396,https://www.researchgate.net/publication/353390747_Bio-Hybrid_Systems_for_Ecosystem_Level_Effects,"HIVEOPOLIS is presented as a bio-hybrid system linking computational, robotic and biological processes around honeybee colonies. Robotic devices and sensing are considered as means to interact with colony behaviour and extend intervention from individual hives toward ecosystem-level effects.",Adam Blaney,27/08/2026,2,2,2,2,1,High,Continuous colony behaviour and seasonal ecological cycles,Robotic/computational system ↔ bee colony → surrounding ecosystem,"Bio-hybrid robotics and sensing establish strong digital–biological feedback, while bee behaviour and ecological conditions remain dynamic rather than fixed. The system is explicitly positioned toward ecosystem-level effects; renewal is present through biological/ecological processes but material return is not its primary focus.",Artificial Life
"Parker et al., 2023","Parker, D.; Ilgun, Z. A.; Lim, A. C. S.; Vasatko, H.; Vu, D. V.; Piórecka, N.; Keune, S.",2023,"I.N.S.E.C.T. Wall Twin: Designing for and with Insects, Fungi, and Humans","Temes de Disseny, 39",pp. 228–247,10.46467/TdD39.2023.228-247,https://tugraz.elsevierpure.com/en/publications/insect-wall-twin-designing-for-and-with-insects-fungi-and-humans-2/,"An architectural installation is developed to support coexistence among local insects, fungi and humans. Bio-digital manufacturing, mycelium, textiles and 3D printing are combined with interspecies design methods that recognise nonhuman stakeholders and habitat relations as part of the design process.",Adam Blaney,27/08/2026,0,2,2,2,1,High,Habitat occupation and multispecies interaction,Fabricated habitat → fungi/insects/humans → local ecological relations,"Digital fabrication is used to construct the habitat but no live digital feedback loop is central. The artefact is explicitly situated within multispecies relations whose participants and interactions can change; ecological context is central, while renewal and material return are present only partially.",Multispecies
"Sicher, 2026","Sicher, E.",2026,“How can SCOBY be grown from scratch?”: Growing materials from situated ecologies,"Biotechnology Design, 4",e17,10.1017/S2977905726100225,https://www.cambridge.org/core/journals/biotechnology-design/article/how-can-scoby-be-grown-from-scratch-growing-materials-from-situated-ecologies/7517FA9E03F643551607223D2AF9A0DD,"SCOBY cultivation is reframed from reliance on standardised cultures toward material growth emerging from situated plants, microbes and vernacular fermentation practices. Fieldwork in Thailand and Germany informs an open-source method and a Situated Growing Design approach grounded in bioregional ecological relationships.",Adam Blaney,27/08/2026,0,2,2,2,2,High,"Fermentation, cultivation and bioregional material cycles",Local plants/microbes → SCOBY growth → situated material practice / bioregion,"No digital feedback system is implemented. Material formation depends explicitly on situated ecological relations, microbial adaptation and local resource conditions; relationships are expected to vary with context, and regeneration, provenance and bioregional renewal are central.",Regenerative Design
"Mitterberger & Derme, 2020","Mitterberger, D.; Derme, T.",2020,Digital soil: Robotically 3D-printed granular bio-composites,"International Journal of Architectural Computing, 18(2)",pp. 194–211,10.1177/1478077120924996,https://papers.cumincad.org/cgi-bin/works/Show?ijac202018206,"A robotic additive-manufacturing framework uses organic granular soil-based composites as an alternative to homogeneous, non-biodegradable fabrication materials. The work treats soil's volatility and environmental sensitivity as design parameters and investigates water-based robotic deposition for biodegradable structures.",Adam Blaney,27/08/2026,0,1,1,1,1,High,Robotic fabrication followed by environmental/material change,Organic granular material → robotic deposition → biodegradable structure / environment,"Robotic fabrication is computationally controlled but no live material-to-digital feedback loop is demonstrated. Soil variability and environmental factors are acknowledged as active design conditions; biodegradability provides partial lifecycle return, while wider ecological exchange remains limited.",Design / Architecture
"Derme & Mitterberger, 2022","Derme, T.; Mitterberger, D.",2022,The Synchronous Garden (SynG): New Perspectives between Architecture and Ecology,Nonlinear Urbanism: Towards Multiple Urban Futures,pp. 14–27,10.1515/9783035624410-004,https://www.degruyterbrill.com/document/doi/10.1515/9783035624410-004/html,"The Synchronous Garden reframes architecture and ecology as dynamic, technologically mediated relations rather than separate or static domains. Living materials, signals, multiple scales and temporalities are used to consider architecture as capable of continual adaptation, evolution, change and finite lifespans.",Adam Blaney,27/08/2026,1,2,2,2,1,Medium,Continuous adaptation across biological and architectural timescales,Signals / living materials → architectural environment → ecological relations,"Digital and sensing technologies are positioned as mediators of living architectural processes rather than as a single demonstrated control loop. Relationships are explicitly dynamic and temporally variable, with architecture situated within ecological relations; material return and replenishment are acknowledged but not developed as a complete cycle.",Design / Architecture
"Derme & Mitterberger, Sylva 2023","Derme, T.; Mitterberger, D.",2023,Sylva: An Autonomous Hydroponic Garden Cared for by Two Robots,ACADIA 2023,pp. 116–121,,https://www.researchgate.net/publication/384680935_Sylva_An_Autonomous_Hydroponic_Garden_Cared_for_by_Two_Robots,"Sylva is an autonomous hydroponic garden maintained by two robots that water, distribute seeds and monitor plant growth. External data, data prediction and real-time interactions influence the geometry and development of the garden, combining botany, computer vision, robotics and architectural design.",Adam Blaney,27/08/2026,2,1,1,1,1,High,Continuous robotic maintenance and plant growth,Data / robots ↔ hydroponic plants → constructed garden,"Monitoring and robotic care create strong digital–physical/biological feedback. Plant growth and data update system operation, but the garden remains a designed indoor habitat with bounded resources; ecological context and renewal are present through living growth rather than open material exchange.",Artificial Life
"Derme et al., 2026","Derme, T.; Battal, A.; Boscoboinik, N.; Schwarze, F. W. M. R.; Dillenburger, B.",2026,Braided mycelium composites: an integrated robotic design-to-fabrication method for bio-based fibrous building components,"Architectural Intelligence, 5",Article 20,10.1007/s44223-026-00126-6,https://link.springer.com/article/10.1007/s44223-026-00126-6,"An integrated robotic workflow combines braided fibrous reinforcement with mycelium-based composites to produce customised bio-based building components. Computational design and robotic fabrication address continuity, repeatability and scaling while retaining biological growth as part of material production.",Adam Blaney,27/08/2026,1,1,1,0,1,High,Robotic fabrication and mycelial growth,Computational design → braided reinforcement → mycelium growth → component,"Digital design and robotic fabrication are tightly integrated with biological material production, but the living process does not continuously update the digital model. Growth introduces material variability and partial renewal within a bounded fabrication system; wider ecological exchange is not central.",Bio-design