"Note: These are the dominant material and energy associated with commodities in the global economy. Major flows that are not tabulated on a per annum basis, such as oxygen, water, overburden rock and aggregates (e.g. sand, gravel) are not included here.",,,,,,,,,,,,,,,,,,,,
"Sand, gravel, aggregates total ~50 Gt/yr: Bendixen et al. (2021)",,,,,,,,,,,,,,,,,,,,
,,,,,,,,,,,,,,,,,,,,
Source,Target,ID,Quantity,Type,Unit,Reference,,,,,,,,,,,,,,
Oil and gas extraction,Oil refining,Crude oil feedstocks,4446,Energy,mtoe,"IEA extended energy balance, 2019. Total crude and products, minus direct to electricity",,,,,,,,,,,,,,
Oil and gas extraction,Electricity generation,Crude oil feedstocks,35,Energy,mtoe,"IEA extended energy balance, 2019. Direct use to electricity",,,,,,,,,,,,,,
Coal mining,Coal beneficiation,Coal (raw),3994,Energy,mtoe,"IEA extended energy balance, 2019 .Caserini et al (2022) provides 7300 Mt total coal rock",,,,,,,,,,,,,,
Oil and gas extraction,Natural gas refining,Natural gas (raw),3426,Energy,mtoe,"IEA extended energy balance, 2019",,,,,,,,,,,,,,
,,,,,,,,,,,,,,,,,,,,
"Mining, quarrying (non-energy)",Ore concentration,Copper ore,2290,Material,Mt,Assuming average copper ore grade of 0.7%,,,,,,,,,,,,,,
"Mining, quarrying (non-energy)",Ore concentration,Gold ore,2000,Material,Mt,UNEP global domestic extraction,,,,,,,,,,,,,,
"Mining, quarrying (non-energy)",Ore concentration,Other non-ferrous minerals,2300,Material,Mt,UNEP global domestic extraction,,,,,,,,,,,,,,
"Mining, quarrying (non-energy)",Ore concentration,Bauxite,358,Material,Mt,"USGS, 2019",,,,,,,,,,,,,,
"Mining, quarrying (non-energy)",Steelmaking,Iron ore,2500,Material,Mt,"USGS, 2019",,,,,,,,,,,,,,
"Mining, quarrying (non-energy)",Non-metallic production,Structural clays,5500,Material,Mt,UNEP global domestic extraction,,,,,,,,,,,,,,
"Mining, quarrying (non-energy)",Non-metallic production,Stone (ornamental and building),900,Material,Mt,UNEP global domestic extraction,,,,,,,,,,,,,,
"Mining, quarrying (non-energy)",Non-metallic production,Gypsum,300,Material,Mt,UNEP global domestic extraction,,,,,,,,,,,,,,
"Mining, quarrying (non-energy)",Non-metallic production,Silica,457,Material,Mt,British Geological survey,,,,,,,,,,,,,,
"Mining, quarrying (non-energy)",Non-metallic production,Soda ash,32,Material,Mt,British Geological survey,,,,,,,,,,,,,,
"Mining, quarrying (non-energy)",Limestone crushing,Limestone,6593,Material,Mt,Caserini et al (2022) Total limestone,,,,,,,,,,,,,,
,,,,,,,,,,,,,,,,,,,,
Renewable energy,Electricity generation,Geothermal,78,Energy,mtoe,"IEA extended energy balance, 2019",,,,,,,,,,,,,,
Renewable energy,Buildings and infrastructure,Geothermal,19,Energy,mtoe,"IEA extended energy balance, 2019",,,,,,,,,,,,,,
Renewable energy,Electricity generation,Solar PV,59,Energy,mtoe,"IEA extended energy balance, 2019",,,,,,,,,,,,,,
Renewable energy,Electricity generation,Solar thermal,4,Energy,mtoe,"IEA extended energy balance, 2019",,,,,,,,,,,,,,
Renewable energy,Electricity generation,Wind,123,Energy,mtoe,"IEA extended energy balance, 2019",,,,,,,,,,,,,,
Renewable energy,Buildings and infrastructure,Solar thermal,32,Energy,mtoe,"IEA extended energy balance, 2019",,,,,,,,,,,,,,
Renewable energy,Electricity generation,Hydro,364,Energy,mtoe,"IEA extended energy balance, 2019",,,,,,,,,,,,,,
Renewable energy,Electricity generation,Nuclear,727,Energy,mtoe,"IEA extended energy balance, 2019",,,,,,,,,,,,,,
,,,,,,,,,,,,,,,,,,,,
Forestry,Wood harvest,Forestry biomass,4839,Material,Mt,"FAO global forestry production with illegal logging correction, Van den Born",,,,,,,,,,,,,,
,,,,,,,,,,,,,,,,,,,,
Agriculture,Crop harvest,Total crop production,18000,Material,Mt,"FAO: total crop production (actual harvested after cleaning), wet tonnes",,,,,,,,,,,,,,
,,,,,,,,,,,,,,,,,,,,
,,,,,,,,,,,,,,,,,,,,
Grassland and meadows,Grazing farms,Grazed biomass and fodder crops,6400,Material,Mt,Scaling Van den Born estimate,,,,,,,,,,,,,,
,,,,,,,,,,,,,,,,,,,,
Postconsumer waste,Collection and recovery,Steel scrap,360,Material,Mt,"worldsteel, 400Mt end-of-life scrap availability",,,,,,,,,,,,,,
Postconsumer waste,Landfill,Steel scrap,40,Material,Mt,Assuming 90% recovery rate,,,,,,,,,,,,,,
Postconsumer waste,Collection and recovery,Plastic scrap,90,Material,Mt,(~1Mt to oceans),,,,,,,,,,,,,,
Postconsumer waste,Landfill,Plastic scrap,340,Material,Mt,,,,,,,,,,,,,,,
Postconsumer waste,Collection and recovery,Aluminum scrap,20,Material,Mt,IAI global sankey,,,,,,,,,,,,,,
Postconsumer waste,Collection and recovery,Copper scrap,5,Material,Mt,"Graedel, copper supply to 2050",,,,,,,,,,,,,,
Postconsumer waste,Collection and recovery,Paper and cardboard,229,Material,Mt,,,,,,,,,,,,,,,
Postconsumer waste,Landfill,Paper and cardboard,111,Material,Mt,,,,,,,,,,,,,,,
Postconsumer waste,Collection and recovery,Glass,27,Material,Mt,Global glass MFA,,,,,,,,,,,,,,
Postconsumer waste,Landfill,Glass,65,Material,Mt,,,,,,,,,,,,,,,
Postconsumer waste,Landfill,Textiles,92,Material,Mt,,,,,,,,,,,,,,,
Postconsumer waste,Collection and recovery,E-waste,9.69,Material,Mt,,,,,,,,,,,,,,,
Postconsumer waste,Landfill,E-waste,47.31,Material,Mt,,,,,,,,,,,,,,,
Postconsumer waste,Landfill,Construction and demolition waste,560,Material,Mt,Global waste report,,,,,,,,,,,,,,
Postconsumer waste,Landfill,Food and green,770,Material,Mt,,,,,,,,,,,,,,,
Postconsumer waste,Collection and recovery,Food and green,279,Material,Mt,,,,,,,,,,,,,,,
Postconsumer waste,Bio and waste energy,Municipal waste,33.8,Energy,mtoe,"IEA extended energy balance, 2019",,,,,,,,,,,,,,
,,,,,,,,,,,,,,,,,,,,
Industry waste,Bio and waste energy,Waste ,138,Energy,mtoe,"Combined renewable and non-renewable. Renewable: IEA extended energy balance, 2019. Non-renewable calculated from Total primary solid biofuels: 1158mtoe. 971 from fuelwood, 47 from millwaste, 30 from sawmill dust. Remainder from other industry",,,,,,,,,,,,,,
,,,,,,,,,,,,,,,,,,,,
Oil refining,"Mining, quarrying (non-energy)",Oil,24,Energy,mtoe,"IEA extended energy balance, 2019",,,,,,,,,,,,,,
Oil refining,Agriculture,Oil,107,Energy,mtoe,"IEA extended energy balance, 2019",,,,,,,,,,,,,,
Oil refining,Electricity generation,Oil,156,Energy,mtoe,"IEA extended energy balance, 2019. Only oil products",,,,,,,,,,,,,,
Oil refining,Petrochemicals,Oil,62,Energy,mtoe,"IEA extended energy balance, 2019. Total oil products, only energy use",,,,,,,,,,,,,,
Oil refining,Petrochemicals,Oil,500,Material,Mt,IEA Petrochemicals report,,,,,,,,,,,,,,
Oil refining,Petrochemicals,By-products,198,Material,Mt,"IEA extended energy balance, 2019. Non-energy use minus petrochemical use",,,,,,,,,,,,,,
Oil refining,Non-metallic production,Oil,39,Energy,mtoe,"IEA extended energy balance, 2019",,,,,,,,,,,,,,
Oil refining,Other industry,Oil,98,Energy,mtoe,"IEA extended energy balance, 2019",,,,,,,,,,,,,,
Oil refining,Transportation,Oil,2652,Energy,mtoe,"IEA extended energy balance, 2019",,,,,,,,,,,,,,
Oil refining,Construction,Oil,36,Energy,mtoe,"IEA extended energy balance, 2019",,,,,,,,,,,,,,
Oil refining,Transportation equipment,Oil,2,Energy,mtoe,"IEA extended energy balance, 2019",,,,,,,,,,,,,,
Oil refining,Steelmaking,Oil,6,Energy,mtoe,"IEA extended energy balance, 2019",,,,,,,,,,,,,,
Oil refining,Machinery,Oil,5,Energy,mtoe,"IEA extended energy balance, 2019",,,,,,,,,,,,,,
Oil refining,Food processing,Oil,8,Energy,mtoe,"IEA extended energy balance, 2019",,,,,,,,,,,,,,
Oil refining,Paper,Oil,3,Energy,mtoe,"IEA extended energy balance, 2019",,,,,,,,,,,,,,
Oil refining,Wood products,Oil,2,Energy,mtoe,"IEA extended energy balance, 2019",,,,,,,,,,,,,,
Oil refining,Textiles,Oil,2,Energy,mtoe,"IEA extended energy balance, 2019",,,,,,,,,,,,,,
Oil refining,Buildings and infrastructure,Oil,290.9,Energy,mtoe,"IEA extended energy balance, 2019",,,,,,,,,,,,,,
Oil refining,Oil refining,Oil,180,Energy,mtoe,"IEA extended energy balance, 2019. Oil refineries",,,,,,,,,,,,,,
Oil refining,Coal mining,Oil,8.5,Energy,mtoe,"IEA extended energy balance, 2019",,,,,,,,,,,,,,
Oil refining,Oil and gas extraction,Oil,19.8,Energy,mtoe,"IEA extended energy balance, 2019",,,,,,,,,,,,,,
,,,,,,,,,,,,,,,,,,,,
Coal beneficiation,"Mining, quarrying (non-energy)",Coal,7,Energy,mtoe,"IEA extended energy balance, 2019",,,,,,,,,,,,,,
Coal beneficiation,Agriculture,Coal,13,Energy,mtoe,"IEA extended energy balance, 2019",,,,,,,,,,,,,,
Coal beneficiation,Electricity generation,Coal,2471,Energy,mtoe,"IEA extended energy balance, 2019",,,,,,,,,,,,,,
Coal beneficiation,Steelmaking,Coke,654,Energy,mtoe,"Attribute all coke oven, blast furnace inputs to steelmaking",,,,,,,,,,,,,,
Coal beneficiation,Petrochemicals,Coal,71,Energy,mtoe,"IEA extended energy balance, 2019",,,,,,,,,,,,,,
Coal beneficiation,Steelmaking,Coal,49,Material,Mt,"IEA extended energy balance, 2020",,,,,,,,,,,,,,
Coal beneficiation,Non-ferrous,Coal,28,Energy,mtoe,"IEA extended energy balance, 2019",,,,,,,,,,,,,,
Coal beneficiation,Non-metallic production,Coal,198,Energy,mtoe,"IEA extended energy balance, 2019",,,,,,,,,,,,,,
Coal beneficiation,Paper,Coal,11,Energy,mtoe,"IEA extended energy balance, 2019",,,,,,,,,,,,,,
Coal beneficiation,Food processing,Coal,21,Energy,mtoe,"IEA extended energy balance, 2019",,,,,,,,,,,,,,
Coal beneficiation,Textiles,Coal,5,Energy,mtoe,"IEA extended energy balance, 2020",,,,,,,,,,,,,,
Coal beneficiation,Machinery,Coal,7,Energy,mtoe,"IEA extended energy balance, 2019",,,,,,,,,,,,,,
Coal beneficiation,Other industry,Coal,89,Energy,mtoe,"IEA extended energy balance, 2019",,,,,,,,,,,,,,
Coal beneficiation,Buildings and infrastructure,Coal,57,Energy,mtoe,"IEA extended energy balance, 2019",,,,,,,,,,,,,,
Coal beneficiation,Construction,Coal,4,Energy,mtoe,"IEA extended energy balance, 2019",,,,,,,,,,,,,,
Coal beneficiation,Buildings and infrastructure,Coal,25,Energy,mtoe,"IEA extended energy balance, 2019",,,,,,,,,,,,,,
Coal beneficiation,Coal beneficiation,Coal,64.2,Energy,mtoe,"IEA extended energy balance, 2019. Energy industry transformations",,,,,,,,,,,,,,
,,,,,,,,,,,,,,,,,,,,
,,,,,,,,,,,,,,,,,,,,
Natural gas refining,Oil refining,Natural gas,70,Energy,mtoe,"IEA extended energy balance, 2019",,,,,,,,,,,,,,
Natural gas refining,"Mining, quarrying (non-energy)",Natural gas,12,Energy,mtoe,"IEA extended energy balance, 2019",,,,,,,,,,,,,,
Natural gas refining,Agriculture,Natural gas,10,Energy,mtoe,"IEA extended energy balance, 2019",,,,,,,,,,,,,,
Natural gas refining,Electricity generation,Natural gas,1321,Energy,mtoe,"IEA extended energy balance, 2019",,,,,,,,,,,,,,
Natural gas refining,Petrochemicals,Natural gas,154,Energy,mtoe,"IEA extended energy balance, 2019",,,,,,,,,,,,,,
Natural gas refining,Petrochemicals,Natural gas,95,Material,mtoe,IEA petrochemicals report,,,,,,,,,,,,,,
Natural gas refining,Non-ferrous,Natural gas,17,Energy,mtoe,"IEA extended energy balance, 2019",,,,,,,,,,,,,,
Natural gas refining,Steelmaking,Natural gas,62,Energy,mtoe,"IEA extended energy balance, 2019",,,,,,,,,,,,,,
Natural gas refining,Non-metallic production,Natural gas,64,Energy,mtoe,"IEA extended energy balance, 2019",,,,,,,,,,,,,,
Natural gas refining,Paper,Natural gas,23,Energy,mtoe,"IEA extended energy balance, 2019",,,,,,,,,,,,,,
Natural gas refining,Textiles,Natural gas,11,Energy,mtoe,"IEA extended energy balance, 2019",,,,,,,,,,,,,,
Natural gas refining,Food processing,Natural gas,49,Energy,mtoe,"IEA extended energy balance, 2019",,,,,,,,,,,,,,
Natural gas refining,Transportation equipment,Natural gas,13,Energy,mtoe,"IEA extended energy balance, 2019",,,,,,,,,,,,,,
Natural gas refining,Other industry,Natural gas,226,Energy,mtoe,"IEA extended energy balance, 2019. Includes pipeline transport",,,,,,,,,,,,,,
Natural gas refining,Construction,Natural gas,8,Energy,mtoe,"IEA extended energy balance, 2019",,,,,,,,,,,,,,
Natural gas refining,Transportation,Natural gas,53,Energy,mtoe,"IEA extended energy balance, 2019",,,,,,,,,,,,,,
Natural gas refining,Buildings and infrastructure,Natural gas,686,Energy,mtoe,"IEA extended energy balance, 2019",,,,,,,,,,,,,,
Natural gas refining,Oil and gas extraction,Natural gas,188,Energy,mtoe,"IEA extended energy balance, 2019",,,,,,,,,,,,,,
Natural gas refining,Natural gas refining,Natural gas,86,Energy,mtoe,"IEA extended energy balance, 2019.",,,,,,,,,,,,,,
Natural gas refining,Losses,Losses,27,Energy,mtoe,"IEA extended energy balance, 2019",,,,,,,,,,,,,,
,,,,,,,,,,,,,,,,,,,,
Ore concentration,Non-ferrous,Copper concentrate,50,Material,Mt,"Copper production minus scrap, assuming 0.3 Cu in chalcopyrite",,,,,,,,,,,,,,
Ore concentration,Non-ferrous,Alumina,133,Material,Mt,USGS,,,,,,,,,,,,,,
Ore concentration,Non-ferrous,Other concentrate,80,Material,Mt,Approximation from British Geological Survey,,,,,,,,,,,,,,
Ore concentration,Losses,Tailings,6337,Material,,Mt,,,,,,,,,,,,,,
,,,,,,,,,,,,,,,,,,,,
Limestone crushing,Non-metallic production,Limestone,4900,Material,Mt,Daehn et al. (2021),,,,,,,,,,,,,,
Limestone crushing,Steelmaking,Limestone,492,Material,Mt,120 kg limestone/t steel,,,,,,,,,,,,,,
Limestone crushing,Losses,Losses,1201,Material,Mt,Difference,,,,,,,,,,,,,,
,,,,,,,,,,,,,,,,,,,,
Wood harvest,Bio and waste energy,Fuelwood,2767,Material,Mt,"FAO, Van den Born",,,,,,,,,,,,,,
Wood harvest,Paper,Industrial roundwood,390,Material,Mt,"FAO, Van Ewijk (2012)",,,,,,,,,,,,,,
Wood harvest,Wood products,Industrial roundwood,560,Material,Mt,"FAO, Van den Born",,,,,,,,,,,,,,
Wood harvest,Losses,Illegal logging,200,Material,Mt,"FAO, Van den Born",,,,,,,,,,,,,,
Wood harvest,Losses,Primary residues,922,Material,Mt,"FAO, Van den Born",,,,,,,,,,,,,,
,,,,,,,,,,,,,,,,,,,,
Crop harvest,Food processing,Plant-based food,9400,Material,Mt,"FAO: total crop production (actual harvested after cleaning), wet tonnes",,,,,,,,,,,,,,
Crop harvest,Agriculture,Residues,7060,Material,Mt,Ratio from Van den Born,,,,,,,,,,,,,,
Crop harvest,Agriculture,Seed,81,Material,Mt,Piotrowski,,,,,,,,,,,,,,
Crop harvest,Grazing farms,Residues for livestock,740,Material,Mt,Ratio from Van den Born,,,,,,,,,,,,,,
Crop harvest,Textiles,Fibers,33,Material,Mt,,,,,,,,,,,,,,,
Crop harvest,Bio and waste energy,Crops for biofuels,658,Material,Mt,"7% global crops used for biofuels, UFOP",,,,,,,,,,,,,,
,,,,,,,,,,,,,,,,,,,,
,,,,,,,,,,,,,,,,,,,,
Grazing farms,Food processing,Meat,189,Material,Mt,FAO,,,,,,,,,,,,,,
Grazing farms,Food processing,Milk,144,Material,Mt,FAO,,,,,,,,,,,,,,
Grazing farms,Food processing,Fat,22,Material,Mt,FAO,,,,,,,,,,,,,,
Grazing farms,Agriculture,Manure,2000,Material,Mt,Appoximation,,,,,,,,,,,,,,
Grazing farms,Losses,Losses,4045,Material,Mt,Difference,,,,,,,,,,,,,,
,,,,,,,,,,,,,,,,,,,,
Collection and recovery,Steelmaking,Steel scrap,360,Material,Mt,90% worldsteel availability,,,,,,,,,,,,,,
Collection and recovery,Petrochemicals,Plastic scrap,40,Material,Mt,,,,,,,,,,,,,,,
Collection and recovery,Bio and waste energy,Plastic scrap,50,Material,,,,,,,,,,,,,,,,
Collection and recovery,Non-ferrous,Aluminum scrap,20,Material,Mt,IAI Sankey,,,,,,,,,,,,,,
Collection and recovery,Non-ferrous,Copper scrap,5,Material,Mt,Graedel,,,,,,,,,,,,,,
Collection and recovery,Paper,Paper and cardboard,229,Material,Mt,,,,,,,,,,,,,,,
Collection and recovery,Non-metallic production,Glass,27,Material,Mt,,,,,,,,,,,,,,,
Collection and recovery,Non-ferrous,E-waste,9.69,Material,Mt,,,,,,,,,,,,,,,
Collection and recovery,Agriculture,Compost,110,Material,Mt,,,,,,,,,,,,,,,
Collection and recovery,Grazing farms,Food waste,169,Material,Mt,,,,,,,,,,,,,,,
,,,,,,,,,,,,,,,,,,,,
,,,,,,,,,,,,,,,,,,,,
Electricity generation,"Mining, quarrying (non-energy)",Electricity,35,Energy,mtoe,"IEA extended energy balance, 2019",,,,,,,,,,,,,,
Electricity generation,Agriculture,Electricity,62,Energy,mtoe,"IEA extended energy balance, 2019",,,,,,,,,,,,,,
Electricity generation,Petrochemicals,Electricity,112,Energy,mtoe,"IEA extended energy balance, 2019",,,,,,,,,,,,,,
Electricity generation,Non-ferrous,Electricity,98,Energy,mtoe,"IEA extended energy balance, 2019",,,,,,,,,,,,,,
Electricity generation,Steelmaking,Electricity,113,Energy,mtoe,"IEA extended energy balance, 2019",,,,,,,,,,,,,,
Electricity generation,Non-metallic production,Electricity,54,Energy,mtoe,"IEA extended energy balance, 2019",,,,,,,,,,,,,,
Electricity generation,Paper,Electricity,40,Energy,mtoe,"IEA extended energy balance, 2019",,,,,,,,,,,,,,
Electricity generation,Wood products,Electricity,10,Energy,mtoe,"IEA extended energy balance, 2019",,,,,,,,,,,,,,
Electricity generation,Textiles,Electricity,29,Energy,mtoe,"IEA extended energy balance, 2019",,,,,,,,,,,,,,
Electricity generation,Food processing,Electricity,52,Energy,mtoe,"IEA extended energy balance, 2019",,,,,,,,,,,,,,
Electricity generation,Transportation equipment,Electricity,26,Energy,mtoe,"IEA extended energy balance, 2019",,,,,,,,,,,,,,
Electricity generation,Machinery,Electricity,93,Energy,mtoe,"IEA extended energy balance, 2019",,,,,,,,,,,,,,
Electricity generation,Other industry,Electricity,138,Energy,mtoe,"IEA extended energy balance, 2019",,,,,,,,,,,,,,
Electricity generation,Construction,Electricity,18,Energy,mtoe,"IEA extended energy balance, 2019",,,,,,,,,,,,,,
Electricity generation,Transportation,Electricity,7,Energy,mtoe,"IEA extended energy balance, 2019",,,,,,,,,,,,,,
Electricity generation,Transportation,Electricity,24,Energy,mtoe,"IEA extended energy balance, 2019",,,,,,,,,,,,,,
Electricity generation,Buildings and infrastructure,Electricity,523,Energy,mtoe,"IEA extended energy balance, 2019",,,,,,,,,,,,,,
Electricity generation,Buildings and infrastructure,Electricity,418,Energy,mtoe,"IEA extended energy balance, 2019",,,,,,,,,,,,,,
Electricity generation,Buildings and infrastructure,Electricity,101,Energy,mtoe,"IEA extended energy balance, 2019",,,,,,,,,,,,,,
Electricity generation,Losses,Conversion losses,2879,Energy,mtoe,"IEA extended energy balance, 2019",,,,,,,,,,,,,,
Electricity generation,Losses,Losses,174,Energy,mtoe,"IEA extended energy balance, 2019",,,,,,,,,,,,,,
,,Remaining difference,8,,,,,,,,,,,,,,,,,
,,,,,,,,,,,,,,,,,,,,
Electricity generation,Paper,Heat,13,Energy,mtoe,"IEA extended energy balance, 2019",,,,,,,,,,,,,,
Electricity generation,Petrochemicals,Heat,69,Energy,mtoe,"IEA extended energy balance, 2019",,,,,,,,,,,,,,
Electricity generation,Textiles,Heat,10,Energy,mtoe,"IEA extended energy balance, 2019",,,,,,,,,,,,,,
Electricity generation,Food processing,Heat,13,Energy,mtoe,"IEA extended energy balance, 2019",,,,,,,,,,,,,,
Electricity generation,Buildings and infrastructure,Heat,110,Energy,mtoe,"IEA extended energy balance, 2019",,,,,,,,,,,,,,
Electricity generation,Buildings and infrastructure,Heat,4,Energy,mtoe,"IEA extended energy balance, 2019",,,,,,,,,,,,,,
Electricity generation,Buildings and infrastructure,Heat,6.7,Energy,mtoe,"IEA extended energy balance, 2019",,,,,,,,,,,,,,
Electricity generation,Non-ferrous,Heat,5.7,Energy,mtoe,"IEA extended energy balance, 2019",,,,,,,,,,,,,,
Electricity generation,Steelmaking,Heat,13.5,Energy,mtoe,"IEA extended energy balance, 2019",,,,,,,,,,,,,,
Electricity generation,Losses,Losses,20,Energy,mtoe,"IEA extended energy balance, 2019",,,,,,,,,,,,,,
,,Remaining difference,61.1,,,,,,,,,,,,,,,,,
,,,,,,,,,,,,,,,,,,,,
Petrochemicals,Agriculture,Fertilizer,190,Material,Mt,"IEA petrochemicals report, Levi",,,,,,,,,,,,,,
Petrochemicals,Transportation equipment,"Plastics, fiber, rubber",29.4,Material,Mt,"IEA petrochemicals report, Levi",,,,,,,,,,,,,,
Petrochemicals,Machinery,"Plastics, fiber, rubber",4,Material,Mt,"IEA petrochemicals report, Levi",,,,,,,,,,,,,,
Petrochemicals,Other industry,"Plastics, fiber, rubber",244,Material,Mt,"IEA petrochemicals report, Levi",,,,,,,,,,,,,,
Petrochemicals,Construction,"Plastics, fiber, rubber",67,Material,Mt,"IEA petrochemicals report, Levi",,,,,,,,,,,,,,
Petrochemicals,Textiles,"Plastics, fiber, rubber",75.6,Material,Mt,"IEA petrochemicals report, Levi",,,,,,,,,,,,,,
Petrochemicals,Other industry,Other petrochemicals,250,Material,Mt,"IEA petrochemicals report, Levi",,,,,,,,,,,,,,
Petrochemicals,Petrochemicals,Secondary products,950,Material,Mt,"IEA petrochemicals report, Levi",,,,,,,,,,,,,,
,,,,,,,,,,,,,,,,,,,,
Steelmaking,Transportation equipment,Steel,318.8,Material,Mt,Assuming proportions from Cullen,,,,,,,,,,,,,,
Steelmaking,Machinery,Steel,300,Material,Mt,Assuming proportions from Cullen,,,,,,,,,,,,,,
Steelmaking,Other industry,Steel,281.2,Material,Mt,Assuming proportions from Cullen,,,,,,,,,,,,,,
Steelmaking,Construction,Steel,975,Material,Mt,Assuming proportions from Cullen,,,,,,,,,,,,,,
Steelmaking,Non-metallic production,Slag,337.5,Material,Mt,Assuming proportions from Cullen,,,,,,,,,,,,,,
Steelmaking,Losses,Losses,2060.9,Material,Mt,Difference,,,,,,,,,,,,,,
,,,,,,,,,,,,,,,,,,,,
Non-ferrous,Transportation equipment,Copper,4,Material,Mt,,,,,,,,,,,,,,,
Non-ferrous,Machinery,Copper,6,Material,Mt,,,,,,,,,,,,,,,
Non-ferrous,Other industry,Copper,6,Material,Mt,,,,,,,,,,,,,,,
Non-ferrous,Construction,Copper,13,Material,Mt,,,,,,,,,,,,,,,
Non-ferrous,Transportation equipment,Aluminum,24.7,Material,Mt,,,,,,,,,,,,,,,
Non-ferrous,Machinery,Aluminum,19,Material,Mt,,,,,,,,,,,,,,,
Non-ferrous,Other industry,Aluminum,29.3,Material,Mt,,,,,,,,,,,,,,,
Non-ferrous,Construction,Aluminum,22,Material,Mt,,,,,,,,,,,,,,,
Non-ferrous,Other industry,Other metals,40,Material,Mt,,,,,,,,,,,,,,,
Non-ferrous,Losses,Losses,99,Material,Mt,,,,,,,,,,,,,,,
,,,,,,,,,,,,,,,,,,,,
Non-metallic production,Transportation equipment,Glass,4,Material,Mt,Global glass MFA,,,,,,,,,,,,,,
Non-metallic production,Other industry,Glass,79,Material,Mt,Global glass MFA,,,,,,,,,,,,,,
Non-metallic production,Construction,Glass,59,Material,Mt,Global glass MFA,,,,,,,,,,,,,,
Non-metallic production,Construction,Structural clays,5500,Material,Mt,UNEP global domestic extraction,,,,,,,,,,,,,,
Non-metallic production,Construction,Stone (ornamental and building),900,Material,Mt,UNEP global domestic extraction,,,,,,,,,,,,,,
Non-metallic production,Construction,Gypsum,300,Material,Mt,UNEP global domestic extraction,,,,,,,,,,,,,,
Non-metallic production,Construction,Cement and mortar,4100,Material,Mt,IEA,,,,,,,,,,,,,,
Non-metallic production,Losses,Losses/by-products,1484.5,Material,Mt,UNEP global domestic extraction,,,,,,,,,,,,,,
,,,,,,,,,,,,,,,,,,,,
Paper,Goods and consumables,Newsprint,185,Material,Mt,Van Ewijk,,,,,,,,,,,,,,
Paper,Other industry,Packaging,214,Material,Mt,Van Ewijk,,,,,,,,,,,,,,
Paper,Bio and waste energy,Mill waste,158,Material,Mt,Van Ewijk,,,,,,,,,,,,,,
,,,,,,,,,,,,,,,,,,,,
Wood products,Other industry,Furniture,350,Material,Mt,,,,,,,,,,,,,,,
Wood products,Construction,Wood,110,Material,Mt,,,,,,,,,,,,,,,
Wood products,Bio and waste energy,Sawmill dust,100,Material,Mt,,,,,,,,,,,,,,,
,,,,,,,,,,,,,,,,,,,,
Bio and waste energy,Construction,Solid biofuel,6.3,Energy,mtoe,"IEA extended energy balance, 2019",,,,,,,,,,,,,,
Bio and waste energy,Non-metallic production,Solid biofuel,4.8,Energy,mtoe,"IEA extended energy balance, 2019",,,,,,,,,,,,,,
Bio and waste energy,Food processing,Solid biofuel,41,Energy,mtoe,"IEA extended energy balance, 2019",,,,,,,,,,,,,,
Bio and waste energy,Paper,Solid biofuel,60,Energy,mtoe,"IEA extended energy balance, 2019",,,,,,,,,,,,,,
Bio and waste energy,Wood products,Solid biofuel,11,Energy,mtoe,"IEA extended energy balance, 2019",,,,,,,,,,,,,,
Bio and waste energy,Textiles,Solid biofuel,1.5,Energy,mtoe,"IEA extended energy balance, 2019",,,,,,,,,,,,,,
Bio and waste energy,Other industry,Solid biofuel,8.8,Energy,mtoe,"IEA extended energy balance, 2019",,,,,,,,,,,,,,
Bio and waste energy,Buildings and infrastructure,Solid biofuel,629,Energy,mtoe,"IEA extended energy balance, 2019",,,,,,,,,,,,,,
Bio and waste energy,Buildings and infrastructure,Solid biofuel,20.5,Energy,mtoe,"IEA extended energy balance, 2019",,,,,,,,,,,,,,
Bio and waste energy,Agriculture,Solid biofuel,9,Energy,mtoe,"IEA extended energy balance, 2019",,,,,,,,,,,,,,
Bio and waste energy,Buildings and infrastructure,Solid biofuel,82.1,Energy,mtoe,"IEA extended energy balance, 2019",,,,,,,,,,,,,,
Bio and waste energy,Electricity generation,Solid biofuel,150,Energy,mtoe,"IEA extended energy balance, 2019",,,,,,,,,,,,,,
Bio and waste energy,Electricity generation,Industry waste (non-renewable),14.7,Energy,mtoe,"IEA extended energy balance, 2019",,,,,,,,,,,,,,
Bio and waste energy,Electricity generation,Municipal waste,30.8,Energy,mtoe,"IEA extended energy balance, 2019",,,,,,,,,,,,,,
Bio and waste energy,Electricity generation,Biogases,20,Energy,mtoe,"IEA extended energy balance, 2019",,,,,,,,,,,,,,
Bio and waste energy,Buildings and infrastructure,Biogases,8.9,Energy,mtoe,"IEA extended energy balance, 2019",,,,,,,,,,,,,,
Bio and waste energy,Other industry,Biogases,1,Energy,mtoe,"IEA extended energy balance, 2019",,,,,,,,,,,,,,
Bio and waste energy,Buildings and infrastructure,Biogases,1,Energy,mtoe,"IEA extended energy balance, 2019",,,,,,,,,,,,,,
Bio and waste energy,Agriculture,Biogases,1,Energy,mtoe,"IEA extended energy balance, 2019",,,,,,,,,,,,,,
Bio and waste energy,Transportation,"Biogasoline, diesel and other liquid biofuels",94.2,Energy,mtoe,"IEA extended energy balance, 2019",,,,,,,,,,,,,,
Bio and waste energy,Agriculture,"Biogasoline, diesel and other liquid biofuels",1.4,Energy,mtoe,"IEA extended energy balance, 2019",,,,,,,,,,,,,,
Bio and waste energy,Steelmaking,Charcoal,3.3,Energy,mtoe,"IEA extended energy balance, 2019",,,,,,,,,,,,,,
Bio and waste energy,Other industry,Charcoal,1.2,Energy,mtoe,"IEA extended energy balance, 2019",,,,,,,,,,,,,,
Bio and waste energy,Buildings and infrastructure,Charcoal,31,Energy,mtoe,"IEA extended energy balance, 2019",,,,,,,,,,,,,,
Bio and waste energy,Buildings and infrastructure,Charcoal,2.6,Energy,mtoe,"IEA extended energy balance, 2019",,,,,,,,,,,,,,
Bio and waste energy,Losses,Conversion losses,333.7,Energy,mtoe,Note material to energy conversion,,,,,,,,,,,,,,
,,,,,,,,,,,,,,,,,,,,
Landfill,Bio and waste energy,Biogas,34,Energy,mtoe,Not recovered in other industries,,,,,,,,,,,,,,
Landfill,Losses,Steel scrap,40,Material,Mt,Not recovered in other industries,,,,,,,,,,,,,,
Landfill,Losses,Plastic scrap,390,Material,Mt,Not recovered in other industries,,,,,,,,,,,,,,
Landfill,Losses,Paper and cardboard,111,Material,Mt,Not recovered in other industries,,,,,,,,,,,,,,
Landfill,Losses,Glass,65,Material,Mt,Not recovered in other industries,,,,,,,,,,,,,,
Landfill,Losses,Textiles,92,Material,Mt,Not recovered in other industries,,,,,,,,,,,,,,
Landfill,Losses,E-waste,47.31,Material,Mt,Not recovered in other industries,,,,,,,,,,,,,,
Landfill,Losses,Construction and demolition waste,560,Material,Mt,Not recovered in other industries,,,,,,,,,,,,,,
Landfill,Losses,Food and green,770,Material,Mt,Not recovered in other industries,,,,,,,,,,,,,,
,,,,,,,,,,,,,,,,,,,,
Transportation equipment,Transportation,Steel,319,Material,Mt,Final categorization,,,,,,,,,,,,,,
Transportation equipment,Transportation,Aluminum,24.7,Material,Mt,Final categorization,,,,,,,,,,,,,,
Transportation equipment,Transportation,Copper,4,Material,Mt,Final categorization,,,,,,,,,,,,,,
Transportation equipment,Transportation,"Plastics, fiber, rubber",29,Material,Mt,Final categorization,,,,,,,,,,,,,,
Transportation equipment,Transportation,Glass,4,Material,Mt,Final categorization,,,,,,,,,,,,,,
,,,,,,,,,,,,,,,,,,,,
,,,,,,,,,,,,,,,,,,,,
Natural gas refining,Transportation,Natural gas,53,Energy,mtoe,"IEA extended energy balance, 2019",,,,,,,,,,,,,,
,,,,,,,,,,,,,,,,,,,,
Electricity generation,Transportation,Electricity,31,Energy,mtoe,"IEA extended energy balance, 2019",,,,,,,,,,,,,,
,,,,,,,,,,,,,,,,,,,,
Bio and waste energy,Transportation,"Biogasoline, diesel and other liquid biofuels",94.2,Energy,mtoe,"IEA extended energy balance, 2019",,,,,,,,,,,,,,
,,,,,,,,,,,,,,,,,,,,
Machinery,Goods and consumables,"Plastics, fiber, rubber",4,Material,Mt,Final categorization,,,,,,,,,,,,,,
Machinery,Goods and consumables,Steel,300,Material,Mt,Final categorization,,,,,,,,,,,,,,
Machinery,Goods and consumables,Aluminum,19,Material,Mt,Final categorization,,,,,,,,,,,,,,
Machinery,Goods and consumables,Copper,6,Material,Mt,Final categorization,,,,,,,,,,,,,,
,,,,,,,,,,,,,,,,,,,,
Other industry,Goods and consumables,Steel,281.2,Material,Mt,Final categorization,,,,,,,,,,,,,,
Other industry,Goods and consumables,"Plastics, fiber, rubber",244,Material,Mt,Final categorization,,,,,,,,,,,,,,
Other industry,Goods and consumables,Other petrochemicals,250,Material,Mt,Final categorization,,,,,,,,,,,,,,
Other industry,Goods and consumables,Copper,6,Material,Mt,Final categorization,,,,,,,,,,,,,,
Other industry,Goods and consumables,Aluminum,16,Material,Mt,Final categorization,,,,,,,,,,,,,,
Other industry,Goods and consumables,Glass,79,Material,Mt,Final categorization,,,,,,,,,,,,,,
Other industry,Goods and consumables,Packaging,214,Material,Mt,Final categorization,,,,,,,,,,,,,,
Other industry,Goods and consumables,Other metals,40,Material,Mt,Final categorization,,,,,,,,,,,,,,
Other industry,Goods and consumables,Wood,350,Material,,Final categorization,,,,,,,,,,,,,,
,,,,,,,,,,,,,,,,,,,,
Construction,Buildings and infrastructure,"Plastics, fiber, rubber",67,Material,Mt,Final categorization,,,,,,,,,,,,,,
Construction,Buildings and infrastructure,Steel,975,Material,Mt,Final categorization,,,,,,,,,,,,,,
Construction,Buildings and infrastructure,Wood,110,Material,Mt,Final categorization,,,,,,,,,,,,,,
Construction,Buildings and infrastructure,Copper,13,Material,Mt,Final categorization,,,,,,,,,,,,,,
Construction,Buildings and infrastructure,Aluminum,22,Material,Mt,Final categorization,,,,,,,,,,,,,,
Construction,Buildings and infrastructure,Glass,59,Material,Mt,Final categorization,,,,,,,,,,,,,,
Construction,Buildings and infrastructure,Structural clays,5500,Material,Mt,Final categorization,,,,,,,,,,,,,,
Construction,Buildings and infrastructure,Stone (ornamental and building),900,Material,Mt,Final categorization,,,,,,,,,,,,,,
Construction,Buildings and infrastructure,Gypsum,300,Material,Mt,Final categorization,,,,,,,,,,,,,,
Construction,Buildings and infrastructure,Cement and mortar,4100,Material,Mt,Final categorization,,,,,,,,,,,,,,
,,,,,,,,,,,,,,,,,,,,
Textiles,Goods and consumables,Natural fibers,33,Material,#ffb6c1,Final categorization,,,,,,,,,,,,,,
Textiles,Goods and consumables,"Plastics, fiber, rubber",75.6,Material,#301934,Final categorization,,,,,,,,,,,,,,
,,,,,,,,,,,,,,,,,,,,
,,,,,,,,,,,,,,,,,,,,
,,,,,,,,,,,,,,,,,,,,
,,,,,,,,,,,,,,,,,,,,
,,,,,,,,,,,,,,,,,,,,
,,,,,,,,,,,,,,,,,,,,
,,,,,,,,,,,,,,,,,,,,
,,,,,,,,,,,,,,,,,,,,
,,,,,,,,,,,,,,,,,,,,
,,,,,,,,,,,,,,,,,,,,
,,,,,,,,,,,,,,,,,,,,
,,,,,,,,,,,,,,,,,,,,
,,,,,,,,,,,,,,,,,,,,
,,,,,,,,,,,,,,,,,,,,
,,,,,,,,,,,,,,,,,,,,
,,,,,,,,,,,,,,,,,,,,
,,,,,,,,,,,,,,,,,,,,
,,,,,,,,,,,,,,,,,,,,
,,,,,,,,,,,,,,,,,,,,
,,,,,,,,,,,,,,,,,,,,
,,,,,,,,,,,,,,,,,,,,
,,,,,,,,,,,,,,,,,,,,
,,,,,,,,,,,,,,,,,,,,
,,,,,,,,,,,,,,,,,,,,
,,,,,,,,,,,,,,,,,,,,
,,,,,,,,,,,,,,,,,,,,
,,,,,,,,,,,,,,,,,,,,
,,,,,,,,,,,,,,,,,,,,
,,,,,,,,,,,,,,,,,,,,
,,,,,,,,,,,,,,,,,,,,
,,,,,,,,,,,,,,,,,,,,
,,,,,,,,,,,,,,,,,,,,
,,,,,,,,,,,,,,,,,,,,
,,,,,,,,,,,,,,,,,,,,
,,,,,,,,,,,,,,,,,,,,
,,,,,,,,,,,,,,,,,,,,
,,,,,,,,,,,,,,,,,,,,
,,,,,,,,,,,,,,,,,,,,
,,,,,,,,,,,,,,,,,,,,
,,,,,,,,,,,,,,,,,,,,
,,,,,,,,,,,,,,,,,,,,
,,,,,,,,,,,,,,,,,,,,
,,,,,,,,,,,,,,,,,,,,
,,,,,,,,,,,,,,,,,,,,
,,,,,,,,,,,,,,,,,,,,
,,,,,,,,,,,,,,,,,,,,
,,,,,,,,,,,,,,,,,,,,
,,,,,,,,,,,,,,,,,,,,
,,,,,,,,,,,,,,,,,,,,
,,,,,,,,,,,,,,,,,,,,
,,,,,,,,,,,,,,,,,,,,
,,,,,,,,,,,,,,,,,,,,
,,,,,,,,,,,,,,,,,,,,
,,,,,,,,,,,,,,,,,,,,
,,,,,,,,,,,,,,,,,,,,
,,,,,,,,,,,,,,,,,,,,
,,,,,,,,,,,,,,,,,,,,
,,,,,,,,,,,,,,,,,,,,
,,,,,,,,,,,,,,,,,,,,
,,,,,,,,,,,,,,,,,,,,
,,,,,,,,,,,,,,,,,,,,
,,,,,,,,,,,,,,,,,,,,
,,,,,,,,,,,,,,,,,,,,
,,,,,,,,,,,,,,,,,,,,
,,,,,,,,,,,,,,,,,,,,
,,,,,,,,,,,,,,,,,,,,
,,,,,,,,,,,,,,,,,,,,
,,,,,,,,,,,,,,,,,,,,
,,,,,,,,,,,,,,,,,,,,
,,,,,,,,,,,,,,,,,,,,
,,,,,,,,,,,,,,,,,,,,
,,,,,,,,,,,,,,,,,,,,
,,,,,,,,,,,,,,,,,,,,
,,,,,,,,,,,,,,,,,,,,
,,,,,,,,,,,,,,,,,,,,
,,,,,,,,,,,,,,,,,,,,
,,,,,,,,,,,,,,,,,,,,
,,,,,,,,,,,,,,,,,,,,
,,,,,,,,,,,,,,,,,,,,
,,,,,,,,,,,,,,,,,,,,
,,,,,,,,,,,,,,,,,,,,
,,,,,,,,,,,,,,,,,,,,
,,,,,,,,,,,,,,,,,,,,
,,,,,,,,,,,,,,,,,,,,
,,,,,,,,,,,,,,,,,,,,
,,,,,,,,,,,,,,,,,,,,
,,,,,,,,,,,,,,,,,,,,
,,,,,,,,,,,,,,,,,,,,
,,,,,,,,,,,,,,,,,,,,
,,,,,,,,,,,,,,,,,,,,
,,,,,,,,,,,,,,,,,,,,
,,,,,,,,,,,,,,,,,,,,
,,,,,,,,,,,,,,,,,,,,
,,,,,,,,,,,,,,,,,,,,
,,,,,,,,,,,,,,,,,,,,
,,,,,,,,,,,,,,,,,,,,
,,,,,,,,,,,,,,,,,,,,
,,,,,,,,,,,,,,,,,,,,
,,,,,,,,,,,,,,,,,,,,
,,,,,,,,,,,,,,,,,,,,
,,,,,,,,,,,,,,,,,,,,
,,,,,,,,,,,,,,,,,,,,
,,,,,,,,,,,,,,,,,,,,
,,,,,,,,,,,,,,,,,,,,
,,,,,,,,,,,,,,,,,,,,
,,,,,,,,,,,,,,,,,,,,
,,,,,,,,,,,,,,,,,,,,
,,,,,,,,,,,,,,,,,,,,
,,,,,,,,,,,,,,,,,,,,
,,,,,,,,,,,,,,,,,,,,
,,,,,,,,,,,,,,,,,,,,
,,,,,,,,,,,,,,,,,,,,
,,,,,,,,,,,,,,,,,,,,
,,,,,,,,,,,,,,,,,,,,
,,,,,,,,,,,,,,,,,,,,
,,,,,,,,,,,,,,,,,,,,
,,,,,,,,,,,,,,,,,,,,
,,,,,,,,,,,,,,,,,,,,
,,,,,,,,,,,,,,,,,,,,
,,,,,,,,,,,,,,,,,,,,
,,,,,,,,,,,,,,,,,,,,
,,,,,,,,,,,,,,,,,,,,
,,,,,,,,,,,,,,,,,,,,
,,,,,,,,,,,,,,,,,,,,
,,,,,,,,,,,,,,,,,,,,
,,,,,,,,,,,,,,,,,,,,
,,,,,,,,,,,,,,,,,,,,
,,,,,,,,,,,,,,,,,,,,
,,,,,,,,,,,,,,,,,,,,
,,,,,,,,,,,,,,,,,,,,
,,,,,,,,,,,,,,,,,,,,
,,,,,,,,,,,,,,,,,,,,
,,,,,,,,,,,,,,,,,,,,
,,,,,,,,,,,,,,,,,,,,
,,,,,,,,,,,,,,,,,,,,
,,,,,,,,,,,,,,,,,,,,
,,,,,,,,,,,,,,,,,,,,
,,,,,,,,,,,,,,,,,,,,
,,,,,,,,,,,,,,,,,,,,
,,,,,,,,,,,,,,,,,,,,
,,,,,,,,,,,,,,,,,,,,
,,,,,,,,,,,,,,,,,,,,
,,,,,,,,,,,,,,,,,,,,
,,,,,,,,,,,,,,,,,,,,
,,,,,,,,,,,,,,,,,,,,
,,,,,,,,,,,,,,,,,,,,
,,,,,,,,,,,,,,,,,,,,
,,,,,,,,,,,,,,,,,,,,
,,,,,,,,,,,,,,,,,,,,
,,,,,,,,,,,,,,,,,,,,
,,,,,,,,,,,,,,,,,,,,
,,,,,,,,,,,,,,,,,,,,
,,,,,,,,,,,,,,,,,,,,
,,,,,,,,,,,,,,,,,,,,
,,,,,,,,,,,,,,,,,,,,
,,,,,,,,,,,,,,,,,,,,
,,,,,,,,,,,,,,,,,,,,
,,,,,,,,,,,,,,,,,,,,
,,,,,,,,,,,,,,,,,,,,
,,,,,,,,,,,,,,,,,,,,
,,,,,,,,,,,,,,,,,,,,
,,,,,,,,,,,,,,,,,,,,
,,,,,,,,,,,,,,,,,,,,
,,,,,,,,,,,,,,,,,,,,
,,,,,,,,,,,,,,,,,,,,
,,,,,,,,,,,,,,,,,,,,
,,,,,,,,,,,,,,,,,,,,
,,,,,,,,,,,,,,,,,,,,
,,,,,,,,,,,,,,,,,,,,
,,,,,,,,,,,,,,,,,,,,
,,,,,,,,,,,,,,,,,,,,
,,,,,,,,,,,,,,,,,,,,
,,,,,,,,,,,,,,,,,,,,
,,,,,,,,,,,,,,,,,,,,
,,,,,,,,,,,,,,,,,,,,
,,,,,,,,,,,,,,,,,,,,
,,,,,,,,,,,,,,,,,,,,
,,,,,,,,,,,,,,,,,,,,
,,,,,,,,,,,,,,,,,,,,
,,,,,,,,,,,,,,,,,,,,
,,,,,,,,,,,,,,,,,,,,
,,,,,,,,,,,,,,,,,,,,
,,,,,,,,,,,,,,,,,,,,
,,,,,,,,,,,,,,,,,,,,
,,,,,,,,,,,,,,,,,,,,
,,,,,,,,,,,,,,,,,,,,
,,,,,,,,,,,,,,,,,,,,
,,,,,,,,,,,,,,,,,,,,
,,,,,,,,,,,,,,,,,,,,
,,,,,,,,,,,,,,,,,,,,
,,,,,,,,,,,,,,,,,,,,
,,,,,,,,,,,,,,,,,,,,
,,,,,,,,,,,,,,,,,,,,
,,,,,,,,,,,,,,,,,,,,
,,,,,,,,,,,,,,,,,,,,
,,,,,,,,,,,,,,,,,,,,
,,,,,,,,,,,,,,,,,,,,
,,,,,,,,,,,,,,,,,,,,
,,,,,,,,,,,,,,,,,,,,
,,,,,,,,,,,,,,,,,,,,
,,,,,,,,,,,,,,,,,,,,
,,,,,,,,,,,,,,,,,,,,
,,,,,,,,,,,,,,,,,,,,
,,,,,,,,,,,,,,,,,,,,
,,,,,,,,,,,,,,,,,,,,
,,,,,,,,,,,,,,,,,,,,
,,,,,,,,,,,,,,,,,,,,
,,,,,,,,,,,,,,,,,,,,
,,,,,,,,,,,,,,,,,,,,
,,,,,,,,,,,,,,,,,,,,
,,,,,,,,,,,,,,,,,,,,
,,,,,,,,,,,,,,,,,,,,
,,,,,,,,,,,,,,,,,,,,
,,,,,,,,,,,,,,,,,,,,
,,,,,,,,,,,,,,,,,,,,
,,,,,,,,,,,,,,,,,,,,
,,,,,,,,,,,,,,,,,,,,
,,,,,,,,,,,,,,,,,,,,
,,,,,,,,,,,,,,,,,,,,
,,,,,,,,,,,,,,,,,,,,
,,,,,,,,,,,,,,,,,,,,
,,,,,,,,,,,,,,,,,,,,
,,,,,,,,,,,,,,,,,,,,
,,,,,,,,,,,,,,,,,,,,
,,,,,,,,,,,,,,,,,,,,
,,,,,,,,,,,,,,,,,,,,
,,,,,,,,,,,,,,,,,,,,
,,,,,,,,,,,,,,,,,,,,
,,,,,,,,,,,,,,,,,,,,
,,,,,,,,,,,,,,,,,,,,
,,,,,,,,,,,,,,,,,,,,
,,,,,,,,,,,,,,,,,,,,
,,,,,,,,,,,,,,,,,,,,
,,,,,,,,,,,,,,,,,,,,
,,,,,,,,,,,,,,,,,,,,
,,,,,,,,,,,,,,,,,,,,
,,,,,,,,,,,,,,,,,,,,
,,,,,,,,,,,,,,,,,,,,
,,,,,,,,,,,,,,,,,,,,
,,,,,,,,,,,,,,,,,,,,
,,,,,,,,,,,,,,,,,,,,
,,,,,,,,,,,,,,,,,,,,
,,,,,,,,,,,,,,,,,,,,
,,,,,,,,,,,,,,,,,,,,
,,,,,,,,,,,,,,,,,,,,
,,,,,,,,,,,,,,,,,,,,
,,,,,,,,,,,,,,,,,,,,
,,,,,,,,,,,,,,,,,,,,
,,,,,,,,,,,,,,,,,,,,
,,,,,,,,,,,,,,,,,,,,
,,,,,,,,,,,,,,,,,,,,
,,,,,,,,,,,,,,,,,,,,
,,,,,,,,,,,,,,,,,,,,
,,,,,,,,,,,,,,,,,,,,
,,,,,,,,,,,,,,,,,,,,
,,,,,,,,,,,,,,,,,,,,
,,,,,,,,,,,,,,,,,,,,
,,,,,,,,,,,,,,,,,,,,
,,,,,,,,,,,,,,,,,,,,
,,,,,,,,,,,,,,,,,,,,
,,,,,,,,,,,,,,,,,,,,
,,,,,,,,,,,,,,,,,,,,
,,,,,,,,,,,,,,,,,,,,
,,,,,,,,,,,,,,,,,,,,
,,,,,,,,,,,,,,,,,,,,
,,,,,,,,,,,,,,,,,,,,
,,,,,,,,,,,,,,,,,,,,
,,,,,,,,,,,,,,,,,,,,
,,,,,,,,,,,,,,,,,,,,
,,,,,,,,,,,,,,,,,,,,
,,,,,,,,,,,,,,,,,,,,
,,,,,,,,,,,,,,,,,,,,
,,,,,,,,,,,,,,,,,,,,
,,,,,,,,,,,,,,,,,,,,
,,,,,,,,,,,,,,,,,,,,
,,,,,,,,,,,,,,,,,,,,
,,,,,,,,,,,,,,,,,,,,
,,,,,,,,,,,,,,,,,,,,
,,,,,,,,,,,,,,,,,,,,
,,,,,,,,,,,,,,,,,,,,
,,,,,,,,,,,,,,,,,,,,
,,,,,,,,,,,,,,,,,,,,
,,,,,,,,,,,,,,,,,,,,
,,,,,,,,,,,,,,,,,,,,
,,,,,,,,,,,,,,,,,,,,
,,,,,,,,,,,,,,,,,,,,
,,,,,,,,,,,,,,,,,,,,
,,,,,,,,,,,,,,,,,,,,
,,,,,,,,,,,,,,,,,,,,
,,,,,,,,,,,,,,,,,,,,
,,,,,,,,,,,,,,,,,,,,
,,,,,,,,,,,,,,,,,,,,
,,,,,,,,,,,,,,,,,,,,
,,,,,,,,,,,,,,,,,,,,
,,,,,,,,,,,,,,,,,,,,
,,,,,,,,,,,,,,,,,,,,
,,,,,,,,,,,,,,,,,,,,
,,,,,,,,,,,,,,,,,,,,
,,,,,,,,,,,,,,,,,,,,
,,,,,,,,,,,,,,,,,,,,
,,,,,,,,,,,,,,,,,,,,
,,,,,,,,,,,,,,,,,,,,
,,,,,,,,,,,,,,,,,,,,
,,,,,,,,,,,,,,,,,,,,
,,,,,,,,,,,,,,,,,,,,
,,,,,,,,,,,,,,,,,,,,
,,,,,,,,,,,,,,,,,,,,
,,,,,,,,,,,,,,,,,,,,
,,,,,,,,,,,,,,,,,,,,
,,,,,,,,,,,,,,,,,,,,
,,,,,,,,,,,,,,,,,,,,
,,,,,,,,,,,,,,,,,,,,
,,,,,,,,,,,,,,,,,,,,
,,,,,,,,,,,,,,,,,,,,
,,,,,,,,,,,,,,,,,,,,
,,,,,,,,,,,,,,,,,,,,
,,,,,,,,,,,,,,,,,,,,
,,,,,,,,,,,,,,,,,,,,
,,,,,,,,,,,,,,,,,,,,
,,,,,,,,,,,,,,,,,,,,
,,,,,,,,,,,,,,,,,,,,
,,,,,,,,,,,,,,,,,,,,
,,,,,,,,,,,,,,,,,,,,
,,,,,,,,,,,,,,,,,,,,
,,,,,,,,,,,,,,,,,,,,
,,,,,,,,,,,,,,,,,,,,
,,,,,,,,,,,,,,,,,,,,
,,,,,,,,,,,,,,,,,,,,
,,,,,,,,,,,,,,,,,,,,
,,,,,,,,,,,,,,,,,,,,
,,,,,,,,,,,,,,,,,,,,
,,,,,,,,,,,,,,,,,,,,
,,,,,,,,,,,,,,,,,,,,
,,,,,,,,,,,,,,,,,,,,
,,,,,,,,,,,,,,,,,,,,
,,,,,,,,,,,,,,,,,,,,
,,,,,,,,,,,,,,,,,,,,
,,,,,,,,,,,,,,,,,,,,
,,,,,,,,,,,,,,,,,,,,
,,,,,,,,,,,,,,,,,,,,
,,,,,,,,,,,,,,,,,,,,
,,,,,,,,,,,,,,,,,,,,
,,,,,,,,,,,,,,,,,,,,
,,,,,,,,,,,,,,,,,,,,
,,,,,,,,,,,,,,,,,,,,
,,,,,,,,,,,,,,,,,,,,
,,,,,,,,,,,,,,,,,,,,
,,,,,,,,,,,,,,,,,,,,
,,,,,,,,,,,,,,,,,,,,
,,,,,,,,,,,,,,,,,,,,
,,,,,,,,,,,,,,,,,,,,
,,,,,,,,,,,,,,,,,,,,
,,,,,,,,,,,,,,,,,,,,
,,,,,,,,,,,,,,,,,,,,
,,,,,,,,,,,,,,,,,,,,
,,,,,,,,,,,,,,,,,,,,
,,,,,,,,,,,,,,,,,,,,
,,,,,,,,,,,,,,,,,,,,
,,,,,,,,,,,,,,,,,,,,
,,,,,,,,,,,,,,,,,,,,
,,,,,,,,,,,,,,,,,,,,
,,,,,,,,,,,,,,,,,,,,
,,,,,,,,,,,,,,,,,,,,
,,,,,,,,,,,,,,,,,,,,
,,,,,,,,,,,,,,,,,,,,
,,,,,,,,,,,,,,,,,,,,
,,,,,,,,,,,,,,,,,,,,
,,,,,,,,,,,,,,,,,,,,
,,,,,,,,,,,,,,,,,,,,
,,,,,,,,,,,,,,,,,,,,
,,,,,,,,,,,,,,,,,,,,
,,,,,,,,,,,,,,,,,,,,
,,,,,,,,,,,,,,,,,,,,
,,,,,,,,,,,,,,,,,,,,
,,,,,,,,,,,,,,,,,,,,
,,,,,,,,,,,,,,,,,,,,
,,,,,,,,,,,,,,,,,,,,
,,,,,,,,,,,,,,,,,,,,
,,,,,,,,,,,,,,,,,,,,
,,,,,,,,,,,,,,,,,,,,
,,,,,,,,,,,,,,,,,,,,
,,,,,,,,,,,,,,,,,,,,
,,,,,,,,,,,,,,,,,,,,
,,,,,,,,,,,,,,,,,,,,
,,,,,,,,,,,,,,,,,,,,
,,,,,,,,,,,,,,,,,,,,
,,,,,,,,,,,,,,,,,,,,
,,,,,,,,,,,,,,,,,,,,
,,,,,,,,,,,,,,,,,,,,
,,,,,,,,,,,,,,,,,,,,
,,,,,,,,,,,,,,,,,,,,
,,,,,,,,,,,,,,,,,,,,
,,,,,,,,,,,,,,,,,,,,
,,,,,,,,,,,,,,,,,,,,
,,,,,,,,,,,,,,,,,,,,
,,,,,,,,,,,,,,,,,,,,
,,,,,,,,,,,,,,,,,,,,
,,,,,,,,,,,,,,,,,,,,
,,,,,,,,,,,,,,,,,,,,
,,,,,,,,,,,,,,,,,,,,
,,,,,,,,,,,,,,,,,,,,
,,,,,,,,,,,,,,,,,,,,
,,,,,,,,,,,,,,,,,,,,
,,,,,,,,,,,,,,,,,,,,
,,,,,,,,,,,,,,,,,,,,
,,,,,,,,,,,,,,,,,,,,
,,,,,,,,,,,,,,,,,,,,
,,,,,,,,,,,,,,,,,,,,
,,,,,,,,,,,,,,,,,,,,
,,,,,,,,,,,,,,,,,,,,
,,,,,,,,,,,,,,,,,,,,
,,,,,,,,,,,,,,,,,,,,
,,,,,,,,,,,,,,,,,,,,
,,,,,,,,,,,,,,,,,,,,
,,,,,,,,,,,,,,,,,,,,
,,,,,,,,,,,,,,,,,,,,
,,,,,,,,,,,,,,,,,,,,
,,,,,,,,,,,,,,,,,,,,
,,,,,,,,,,,,,,,,,,,,
,,,,,,,,,,,,,,,,,,,,
,,,,,,,,,,,,,,,,,,,,
,,,,,,,,,,,,,,,,,,,,
,,,,,,,,,,,,,,,,,,,,
,,,,,,,,,,,,,,,,,,,,
,,,,,,,,,,,,,,,,,,,,
,,,,,,,,,,,,,,,,,,,,
,,,,,,,,,,,,,,,,,,,,
,,,,,,,,,,,,,,,,,,,,
,,,,,,,,,,,,,,,,,,,,
,,,,,,,,,,,,,,,,,,,,
,,,,,,,,,,,,,,,,,,,,
,,,,,,,,,,,,,,,,,,,,
,,,,,,,,,,,,,,,,,,,,
,,,,,,,,,,,,,,,,,,,,
,,,,,,,,,,,,,,,,,,,,
,,,,,,,,,,,,,,,,,,,,
,,,,,,,,,,,,,,,,,,,,
,,,,,,,,,,,,,,,,,,,,
,,,,,,,,,,,,,,,,,,,,
,,,,,,,,,,,,,,,,,,,,
,,,,,,,,,,,,,,,,,,,,
,,,,,,,,,,,,,,,,,,,,
,,,,,,,,,,,,,,,,,,,,
,,,,,,,,,,,,,,,,,,,,
,,,,,,,,,,,,,,,,,,,,
,,,,,,,,,,,,,,,,,,,,
,,,,,,,,,,,,,,,,,,,,
,,,,,,,,,,,,,,,,,,,,
,,,,,,,,,,,,,,,,,,,,
,,,,,,,,,,,,,,,,,,,,
,,,,,,,,,,,,,,,,,,,,
,,,,,,,,,,,,,,,,,,,,
,,,,,,,,,,,,,,,,,,,,
,,,,,,,,,,,,,,,,,,,,
,,,,,,,,,,,,,,,,,,,,
,,,,,,,,,,,,,,,,,,,,
,,,,,,,,,,,,,,,,,,,,
,,,,,,,,,,,,,,,,,,,,
,,,,,,,,,,,,,,,,,,,,
,,,,,,,,,,,,,,,,,,,,
,,,,,,,,,,,,,,,,,,,,
,,,,,,,,,,,,,,,,,,,,
,,,,,,,,,,,,,,,,,,,,
,,,,,,,,,,,,,,,,,,,,
,,,,,,,,,,,,,,,,,,,,
,,,,,,,,,,,,,,,,,,,,
,,,,,,,,,,,,,,,,,,,,
,,,,,,,,,,,,,,,,,,,,
,,,,,,,,,,,,,,,,,,,,
,,,,,,,,,,,,,,,,,,,,
,,,,,,,,,,,,,,,,,,,,
,,,,,,,,,,,,,,,,,,,,
,,,,,,,,,,,,,,,,,,,,
,,,,,,,,,,,,,,,,,,,,
,,,,,,,,,,,,,,,,,,,,
,,,,,,,,,,,,,,,,,,,,
,,,,,,,,,,,,,,,,,,,,
,,,,,,,,,,,,,,,,,,,,
,,,,,,,,,,,,,,,,,,,,
,,,,,,,,,,,,,,,,,,,,
,,,,,,,,,,,,,,,,,,,,
,,,,,,,,,,,,,,,,,,,,
,,,,,,,,,,,,,,,,,,,,
,,,,,,,,,,,,,,,,,,,,
,,,,,,,,,,,,,,,,,,,,
,,,,,,,,,,,,,,,,,,,,
,,,,,,,,,,,,,,,,,,,,
,,,,,,,,,,,,,,,,,,,,
,,,,,,,,,,,,,,,,,,,,
,,,,,,,,,,,,,,,,,,,,
,,,,,,,,,,,,,,,,,,,,
,,,,,,,,,,,,,,,,,,,,
,,,,,,,,,,,,,,,,,,,,
,,,,,,,,,,,,,,,,,,,,
,,,,,,,,,,,,,,,,,,,,
,,,,,,,,,,,,,,,,,,,,
,,,,,,,,,,,,,,,,,,,,
,,,,,,,,,,,,,,,,,,,,
,,,,,,,,,,,,,,,,,,,,
,,,,,,,,,,,,,,,,,,,,
,,,,,,,,,,,,,,,,,,,,
,,,,,,,,,,,,,,,,,,,,
,,,,,,,,,,,,,,,,,,,,
,,,,,,,,,,,,,,,,,,,,
,,,,,,,,,,,,,,,,,,,,
,,,,,,,,,,,,,,,,,,,,
,,,,,,,,,,,,,,,,,,,,
,,,,,,,,,,,,,,,,,,,,
,,,,,,,,,,,,,,,,,,,,
,,,,,,,,,,,,,,,,,,,,
,,,,,,,,,,,,,,,,,,,,
,,,,,,,,,,,,,,,,,,,,
,,,,,,,,,,,,,,,,,,,,
,,,,,,,,,,,,,,,,,,,,
,,,,,,,,,,,,,,,,,,,,
,,,,,,,,,,,,,,,,,,,,
,,,,,,,,,,,,,,,,,,,,
,,,,,,,,,,,,,,,,,,,,
,,,,,,,,,,,,,,,,,,,,
,,,,,,,,,,,,,,,,,,,,
,,,,,,,,,,,,,,,,,,,,
,,,,,,,,,,,,,,,,,,,,
,,,,,,,,,,,,,,,,,,,,
,,,,,,,,,,,,,,,,,,,,
,,,,,,,,,,,,,,,,,,,,
,,,,,,,,,,,,,,,,,,,,
,,,,,,,,,,,,,,,,,,,,
,,,,,,,,,,,,,,,,,,,,
,,,,,,,,,,,,,,,,,,,,
,,,,,,,,,,,,,,,,,,,,
,,,,,,,,,,,,,,,,,,,,
,,,,,,,,,,,,,,,,,,,,
,,,,,,,,,,,,,,,,,,,,
,,,,,,,,,,,,,,,,,,,,
,,,,,,,,,,,,,,,,,,,,
,,,,,,,,,,,,,,,,,,,,
,,,,,,,,,,,,,,,,,,,,
,,,,,,,,,,,,,,,,,,,,
,,,,,,,,,,,,,,,,,,,,
,,,,,,,,,,,,,,,,,,,,
,,,,,,,,,,,,,,,,,,,,
,,,,,,,,,,,,,,,,,,,,
,,,,,,,,,,,,,,,,,,,,
,,,,,,,,,,,,,,,,,,,,
,,,,,,,,,,,,,,,,,,,,
,,,,,,,,,,,,,,,,,,,,
,,,,,,,,,,,,,,,,,,,,
,,,,,,,,,,,,,,,,,,,,
,,,,,,,,,,,,,,,,,,,,
,,,,,,,,,,,,,,,,,,,,
,,,,,,,,,,,,,,,,,,,,
,,,,,,,,,,,,,,,,,,,,
,,,,,,,,,,,,,,,,,,,,
,,,,,,,,,,,,,,,,,,,,
,,,,,,,,,,,,,,,,,,,,
,,,,,,,,,,,,,,,,,,,,
,,,,,,,,,,,,,,,,,,,,
,,,,,,,,,,,,,,,,,,,,
,,,,,,,,,,,,,,,,,,,,
,,,,,,,,,,,,,,,,,,,,
,,,,,,,,,,,,,,,,,,,,
,,,,,,,,,,,,,,,,,,,,
,,,,,,,,,,,,,,,,,,,,
,,,,,,,,,,,,,,,,,,,,
,,,,,,,,,,,,,,,,,,,,
,,,,,,,,,,,,,,,,,,,,
,,,,,,,,,,,,,,,,,,,,
,,,,,,,,,,,,,,,,,,,,
,,,,,,,,,,,,,,,,,,,,
,,,,,,,,,,,,,,,,,,,,
,,,,,,,,,,,,,,,,,,,,
,,,,,,,,,,,,,,,,,,,,
,,,,,,,,,,,,,,,,,,,,
,,,,,,,,,,,,,,,,,,,,
,,,,,,,,,,,,,,,,,,,,
,,,,,,,,,,,,,,,,,,,,
,,,,,,,,,,,,,,,,,,,,
,,,,,,,,,,,,,,,,,,,,
,,,,,,,,,,,,,,,,,,,,
,,,,,,,,,,,,,,,,,,,,
,,,,,,,,,,,,,,,,,,,,
,,,,,,,,,,,,,,,,,,,,
,,,,,,,,,,,,,,,,,,,,
,,,,,,,,,,,,,,,,,,,,
,,,,,,,,,,,,,,,,,,,,
,,,,,,,,,,,,,,,,,,,,
,,,,,,,,,,,,,,,,,,,,
,,,,,,,,,,,,,,,,,,,,
,,,,,,,,,,,,,,,,,,,,
,,,,,,,,,,,,,,,,,,,,
,,,,,,,,,,,,,,,,,,,,
,,,,,,,,,,,,,,,,,,,,
,,,,,,,,,,,,,,,,,,,,
,,,,,,,,,,,,,,,,,,,,
,,,,,,,,,,,,,,,,,,,,
,,,,,,,,,,,,,,,,,,,,
,,,,,,,,,,,,,,,,,,,,
,,,,,,,,,,,,,,,,,,,,
,,,,,,,,,,,,,,,,,,,,
,,,,,,,,,,,,,,,,,,,,
,,,,,,,,,,,,,,,,,,,,
,,,,,,,,,,,,,,,,,,,,
,,,,,,,,,,,,,,,,,,,,
,,,,,,,,,,,,,,,,,,,,
,,,,,,,,,,,,,,,,,,,,
,,,,,,,,,,,,,,,,,,,,
,,,,,,,,,,,,,,,,,,,,
,,,,,,,,,,,,,,,,,,,,
,,,,,,,,,,,,,,,,,,,,
,,,,,,,,,,,,,,,,,,,,
,,,,,,,,,,,,,,,,,,,,
,,,,,,,,,,,,,,,,,,,,
,,,,,,,,,,,,,,,,,,,,
,,,,,,,,,,,,,,,,,,,,
,,,,,,,,,,,,,,,,,,,,
,,,,,,,,,,,,,,,,,,,,
,,,,,,,,,,,,,,,,,,,,
,,,,,,,,,,,,,,,,,,,,
,,,,,,,,,,,,,,,,,,,,
,,,,,,,,,,,,,,,,,,,,
,,,,,,,,,,,,,,,,,,,,
,,,,,,,,,,,,,,,,,,,,
,,,,,,,,,,,,,,,,,,,,
,,,,,,,,,,,,,,,,,,,,
,,,,,,,,,,,,,,,,,,,,
,,,,,,,,,,,,,,,,,,,,
,,,,,,,,,,,,,,,,,,,,
,,,,,,,,,,,,,,,,,,,,
,,,,,,,,,,,,,,,,,,,,
,,,,,,,,,,,,,,,,,,,,
,,,,,,,,,,,,,,,,,,,,
,,,,,,,,,,,,,,,,,,,,
,,,,,,,,,,,,,,,,,,,,
,,,,,,,,,,,,,,,,,,,,
,,,,,,,,,,,,,,,,,,,,
,,,,,,,,,,,,,,,,,,,,
,,,,,,,,,,,,,,,,,,,,
,,,,,,,,,,,,,,,,,,,,
,,,,,,,,,,,,,,,,,,,,
,,,,,,,,,,,,,,,,,,,,
,,,,,,,,,,,,,,,,,,,,
,,,,,,,,,,,,,,,,,,,,
,,,,,,,,,,,,,,,,,,,,
,,,,,,,,,,,,,,,,,,,,
,,,,,,,,,,,,,,,,,,,,
,,,,,,,,,,,,,,,,,,,,
,,,,,,,,,,,,,,,,,,,,
,,,,,,,,,,,,,,,,,,,,
,,,,,,,,,,,,,,,,,,,,
,,,,,,,,,,,,,,,,,,,,
,,,,,,,,,,,,,,,,,,,,
,,,,,,,,,,,,,,,,,,,,