ID Number,Project,Webpage Reference,Overview
000,Linear Manufacturing,000 - Linear Manufacturing,
001,Mineral Accretion,001 - Mineral Accretion,"This early design-led material probe investigates how designers might work with self-organising matter by configuring the conditions through which material forms, rather than directly imposing a finished geometry. Mineral accretion uses electrolysis to deposit calcium-carbonate or magnesium-hydroxide materials, informed by voltage, onto conductive scaffolds submerged in seawater. Electrical current, scaffold characteristics and surrounding environmental conditions influence what material accumulates, where it forms and the properties it develops.

Turbulence emerged as a particularly important part of this design space. Without movement in the solution, gravity caused ions and deposited matter to concentrate unevenly around the lower parts of the scaffold. Agitating the water counteracted gravity, suspended and redistributed the available material, and increased the opportunity for growth to occur across the scaffold. Turbulence was therefore not simply a technical correction: it became a designable environmental condition capable of affecting the location, rate and uniformity of material formation. At the same time, agitation had to be carefully configured because movement could also intensify contamination, proliferation and other unintended interactions within the system.

The probe begins to reposition the designer from someone who specifies an object’s final form toward someone who stages relationships between matter, energy, movement, scaffolds and environmental conditions. The outcomes remain partly directed and partly produced through the material system’s own tendencies, opening questions about how designers can guide adaptive growth without reducing it to conventional deterministic fabrication."
002,Mineral Accretion: Variable Properties,002 - Mineral Accretion: Variable Properties,"This project develops mineral accretion into a multi-material platform capable of producing variable physical properties. Altering electrical current, growth duration, agitation and cathode characteristics changed the composition, thickness, strength and surface texture of the deposited material. A two-dimensional grid of separately addressable cathodes was used to grow a heart-shaped structure with localised variations, demonstrating how matter could be accumulated where required while different material properties emerged across the same form. The probe also revealed nonlinear behaviour: higher voltages did not always create more growth, turbulence could inhibit deposition, and material could decay or spread onto neighbouring cathodes. This introduced the importance of thresholds, redundancy and the ability to reverse unintended growth when designing with adaptive material processes"
003,Mineral Accretion: Data Informed Variable Properties,003 - Mineral Accretion: Data Informed Variable Properties,"This project connects external data and a digital parametric interface to individually addressable cathodes used for mineral accretion. Data values were translated into the duration and magnitude of electrical stimuli, enabling variable volumes, thicknesses, textures, densities and internal architectures to grow at defined locations. A physical visualisation based on the relative sizes of planets demonstrated how digital information could be materialised through distributed growth rather than conventional deposition or machining. However, the setup remained an open-loop control system: the digital interface controlled the stimulus but did not receive information about the material properties that actually formed. The probe therefore exposed a gap between intended digital instructions and the situated, fluctuating conditions through which matter responds"
004,Mineral Accretion: Feedback,004 - Mineral Accretion: Feedback,"This project investigates how feedback might be established between mineral growth, sensing and digital control. Sensors monitored the wider solution conditions, while dosing pumps responded to changes in conductivity and pH to help maintain the environment in which accretion occurred. The material also produced an indirect signal of its own development: as mineral volume accumulated around a cathode, it increasingly insulated the conductor and altered the electrical current. Comparing those changing current values with time-lapse observations offered a way to infer material growth without embedding sensors throughout the material itself. The probe begins to shift the material from being only the output of a digital process toward becoming an active participant whose changing state can inform subsequent system actions. However, it also raises the challenge of determining reliable associations between a signal, the material property it represents and the response that should follow."
005,2D Paint Patterns,005 - 2D Paint Patterns,"This project explores generative paint interactions as a less restrictive alternative to predefined solid scaffolds. Variations in surface texture, material location and contrast shaped how liquid materials displaced, bounded and reorganised one another. In particular, silicone paint displaced acrylic paint to generate voids, edges, layers and streaks, demonstrating how contrasting material tendencies could guide pattern formation without prescribing every outcome in advance. The probes showed that richer and more diverse patterns formed when materials interacted directly within their situated conditions rather than being fully separated and controlled. This shifted the idea of scaffolding from a fixed geometric frame toward an arrangement of surfaces, interfaces and contrasting material properties that temporarily guides self-organisation while leaving space for unanticipated forms to emerge."
006,Scaffold Interactions,006 - Scaffold Interactions,"This project investigates how liquids can act as three-dimensional support environments for material formation. Ink was introduced into contrasting volumes of oil and water, where differences in density and viscosity affected whether it formed spheres, dispersed clouds or changed behaviour at the boundary between the two liquids. Rather than depositing matter onto a rigid scaffold, the surrounding medium temporarily held and shaped the developing material. The probe reframes scaffolding as an active environmental relationship: the support conditions influence how matter moves, accumulates and differentiates, while their interfaces become locations where new behaviours emerge. It opened the possibility of volumetric fabrication systems in which support media can be tuned to guide material formation and then altered or removed as the structure develops."
007,3D Paint Patterns,007 - 3D Paint Patterns,"This project explores how three-dimensional material patterns can be formed by introducing ink into support media with different viscosities and then agitating those environments. Rather than depositing material onto a rigid scaffold, the surrounding liquid acts as a volumetric and temporary support system. Its viscosity affects how far and how quickly the ink can move, while agitation supplies the energy through which the material disperses, folds, accumulates and forms spatial patterns.

The resulting forms are therefore shaped through an interaction between the deposited ink, the resistance of the support medium and the character of the induced movement. More viscous environments can dissipate energy and retain material more locally, while less viscous environments allow wider and faster redistribution. The support medium is not passive: it participates in determining the resolution, density and persistence of the patterns that emerge.

As a design-led material probe, the project reframes scaffolding as a changeable environmental relationship rather than a fixed frame. It asks how designers might tune the properties of a surrounding medium and the energy entering it to guide material formation while retaining space for variation and emergence. This provided an important step toward Tuneable Environments, in which stimuli and environmental conditions become the means through which material activity is influenced."
008,Magnetised Wax,008 - Magnetised Wax,"This project combines ferro-wax with heat and magnetic stimuli to explore matter that can be repeatedly updated after its initial formation. Heat changes the wax from a stable solid into a responsive liquid state, allowing magnetic fields to redistribute material and alter properties such as shape, colour distribution and surface texture. Cooling temporarily captures those updates within the solid material. The probe develops the idea of a circular or reprogrammable material whose physical makeup can be modified, repaired or reset rather than becoming redundant when requirements change. It also reveals that reprogrammability depends upon coordinated stimuli and material states: heat makes interaction possible, magnetism guides the material response, and cooling determines when that response becomes fixed. This establishes an important transition toward considering how different states govern when and how material relationships can occur."
009,Magnetised Thermoplastics: Material Samples,009 - Magnetised Thermoplastics: Material Samples,"This project develops the Tuneable Environments approach by exploring how updates from a digital parametric interface can be pushed into two-dimensional magnetised thermoplastic material samples. By modulating stimuli, multiple local material properties can be tuned at high resolution and temporarily frozen within the material. Rather than fabricating one final and static object, the material probe explores how physical matter might be iteratively updated, opening the possibility of highly bespoke, time-based structures and more circular material systems that can be modified rather than discarded and replaced.

The material probes also reveal that the physical material does not respond as an immediate or neutral counterpart to the digital model. Material responses unfold through time, creating a lag between digital updates and physical change. Previous interactions remain as a material legacy that may influence, constrain or enhance later updates, while resetting the material does not necessarily return it to an entirely neutral condition. These qualities raise challenges around determining stable associations between digital parameters, stimuli and desirable material properties.

The project therefore reframes lag and legacy as active design conditions rather than simple inaccuracies or errors. It asks how digital representations might account for delayed responses, accumulated material histories and the consequences of repeatedly updating the same matter. These questions establish the temporal foundation for the subsequent sensor-interaction and speculative-prosthetic probes, and later inform the development of Windows of Influence, in which relationships between parameters and material properties are understood as shifting through time rather than remaining permanently fixed."
010,Magnetised Thermoplastics: Sensor Interactions,010 - Magnetised Thermoplastics: Sensor Interactions,"This project investigates how remote pressure- and flex-sensor data can be translated through heat and magnetic stimuli to update multiple properties of two-dimensional magnetised thermoplastic samples. Average pressure-sensor values are used to inform local increases in material volume, with increased rigidity emerging as a coupled property. These sensor–material relationships speculate on how prosthetic sockets might be remotely customised to respond to changing pressure conditions and improve patient comfort. Average flex-sensor values are used to inform the location of surface textures, exploring how the material might be applied to high-performance track-cycling skin suits to modify aerodynamic performance.

Rather than producing one stable or isolated response, the material probe generated shifting combinations of volume, rigidity, surface texture and gradient. Time-lapse observations showed these properties predominating, diminishing, decoupling, re-emerging or persisting as the material changed state and the influence of magnetic stimulus, gravity and solidification altered. The project exposed the limitations of assigning one fixed sensing role to one material response within a multi-responsive, time-dependent material system."
011,Magnetised Thermoplastics: Speculative Prosthetics,011 - Magnetised Thermoplastics: Speculative Prosthetics,"This project translates pressure-sensor-informed interactions with magnetised thermoplastics into speculative-scale prosthetic forms. Two-dimensional material nets were magnetically manipulated in response to pressure-sensor values and subsequently formed around a 3D-printed residual-limb model. The material probe explores how global shape and local rigidity might be remotely and iteratively updated as a patient’s body changes through time. It is not proposed as a clinical device; instead, it reveals possibilities for repair, continued adaptation and reduced material waste within a potentially longer-lived prosthetic system.

The transition from a two-dimensional material sample to a three-dimensional prosthetic form also exposed significant limitations. Reheating and manually forming the material around the residual limb caused global shape change to predominate, overriding finer textures, gradients and local rigidity relationships previously produced within the controlled material system. The probe therefore reveals a discrepancy between predefined outputs developed within a closed digital–material system and the changing, adaptive conditions of a living body.

Rather than treating those changing biological conditions as disturbances to be corrected, the project asks how digital systems might remain attuned to open and evolvable contexts. Developing this form of discourse could allow artificial material systems to participate more meaningfully in the multiple processes, timescales and relationships that constitute bodies and wider ecologies. The speculative prosthesis therefore acts as a stepping stone from controlled material interaction toward questions of co-evolution between digital representations, adaptive materials and living conditions.

Together with observations from the earlier sensor interactions, the material probe generated three interrelated design heuristics: Hierarchical States, which considers how different material states enable or restrict particular interactions; Windows of Influence, which examines how parameter relationships fluctuate and change in relevance through time; and Phased Scaffolding, which considers how physical and digital supports might develop, diminish and be replaced across material life cycles."
012,Windows of Influence,012 - Windows of Influence,"Windows of Influence abstracts observations from the sensor-interaction and speculative-prosthetic material probes into a design heuristic for understanding how relationships between sensing capacity, stimuli, digital parameters and material properties fluctuate through time. Relationships that initially appear direct or predetermined may predominate, diminish, decouple, become temporarily irrelevant, re-emerge or persist as residual effects as the material changes state and encounters other influences.

The heuristic questions digital models in which parameter relationships are permanently predefined or “baked in” before they encounter nonlinear, adaptive or evolvable systems. Such models can lose relevance when several stimuli act simultaneously, effects are delayed, material histories influence later responses, or relationships shift across states, scales and timeframes.

Instead, Windows of Influence proposes dynamic and emergent reparameterisation, in which live physical information continually reshapes which parameters are relevant, how they are connected, what informs them and what they can subsequently influence. Digital and material systems can therefore co-evolve rather than one remaining a fixed representation of the other. This opens a trajectory from predetermined digital–material control toward an attuned discourse in which relationships can form, weaken, pause, recouple or migrate as changing bodies, materials and situated ecologies influence the system."
013,Phased Scaffolding,013 - Phased Scaffolding,"Phased Scaffolding develops from the material probes as an overarching design heuristic for maintaining meaningful relationships between digital representations, material activity and wider ecologies across time, scales and life cycles. Rather than treating scaffolds as temporary devices that simply enable fabrication and then become redundant, the heuristic asks how physical and digital supports might be introduced provisionally, shift roles through time, and later withdraw, decay, be repurposed or provide resources to subsequent processes.

Physically, Phased Scaffolding considers how living, inert and sacrificial materials can be introduced in different phases, support particular forms of growth or transformation, and later contribute differently as the system develops. Temporary scaffolds might therefore become nutrients, habitats, material inputs or supports for later ecological succession rather than remaining as waste. In this sense, materials are not understood only through their initial function, but through their changing capacities to support, contain, guide, release and reciprocally exchange resources across multiple life cycles.

Digitally, the heuristic proposes that the computational system should also grow in phases alongside its physical counterpart. Parameters and computational modules may be introduced, monitored, renegotiated, paused, deprecated, repurposed or re-established as material and environmental conditions change. Rather than constructing one permanent and increasingly overloaded representation, the digital system becomes an evolving ecology of parameters capable of death, decay, legacy and rebirth.

Together, these physical and digital forms of scaffolding support a shift from bounded control toward negotiated reciprocity. Opening a system is not simply a matter of sensing more variables. It can also mean opening who or what participates in determining value, action, care and exchange. Phased Scaffolding therefore asks how temporary supports can enable relationships to form and remain coherent, while allowing boundaries, values and participants to be renegotiated as new phases and ecological capacities emerge."
014,Hierarchical States,014 - Hierarchical States,"Hierarchical States emerged from the difficulties encountered when multi-material properties produced in two dimensions were subsequently formed into a three-dimensional object. During this transition, global shape change predominated and overrode previously established surface textures, gradients and local rigidity relationships. This suggests that multi-responsive materials may require not only interactions undertaken directly within their intended dimension, but also a wider range of intermediate material states beyond the binary conditions of liquid and solid.

As a design heuristic, Hierarchical States proposes that material states do more than describe what matter is. They govern when, how and to what extent particular interactions are permitted, inhibited or conditioned, and they affect which previous properties and relationships can be preserved. A solid state might inhibit change during everyday use; a plastic-like state might permit global reshaping without erasing finer properties; and a liquid state might enable self-healing and high-resolution material reconfiguration. Additional intermediate states can be imagined to selectively enable some forms of activity while suppressing others.

Hierarchical States therefore reframes state change as a way of governing interaction hierarchies rather than merely switching responsiveness on or off. Different states can allow global or local transformations, enable or suspend repair, preserve or release previous material effects, and prevent one interaction, dimension or scale from overriding the rest. In adaptive and ecological systems, this introduces a means of maintaining coherent discourse across time by selectively opening, constraining or pausing relationships rather than keeping every interaction continuously active."
015,Ecological Twinning,015 - Ecological Twinning,
016,Tuneable Environments,016 - Tuneable Environments," Tuneable Environments is an evolving design and fabrication approach that shifts attention from directly imposing finished form toward configuring the conditions through which material activity occurs. Digital tools modulate stimuli—including electrical current, heat, magnetism and the properties of surrounding media—to influence how matter assembles, changes state and develops multiple properties through time. The early material probes explored how information could be pushed from digital models into self-organising and responsive materials at fine resolutions.

As the work developed, Tuneable Environments moved beyond one-way control toward bidirectional discourse. Material responses, environmental conditions, state changes, delays and the legacy of previous interactions can inform how the digital system is subsequently reparameterised. Stimuli therefore become more than fabrication inputs: they provide a potential shared language linking artificial material systems with changing bodies, living materials and situated ecologies. The approach asks how these systems might co-evolve across time and scales, enabling continued adaptation and reciprocal exchanges rather than optimising matter toward one predetermined state."
017,,,
018,,,
019,,,
020,,,
021,,,